Send Rates,Block Size,Orderers,Avg Latency,Throughput
35,280,3,1.23,33.8
110.2,220,7,0.91,94.5
50.1,335,7,1.29,47.5
60.1,400,3,1.3,53.7
110.2,80,9,0.62,91.9
140.5,425,3,0.75,122
70.1,170,7,1.15,61.3
199.8,580,3,0.74,158.1
160.3,475,7,0.72,120.6
40,490,9,1.21,39.8
25,630,5,1.15,24
50.1,760,7,1.29,47
159.9,460,5,0.74,121.9
110.2,95,9,0.72,92
180.3,265,5,0.68,164.7
80.1,265,7,0.95,69.2
85.1,630,7,0.95,79.9
90.1,785,3,0.9,80.5
140.2,295,7,0.8,121.8
105.2,665,7,0.92,94.1
50.1,115,3,1.25,47.4
15,505,5,1.09,14.7
35,510,3,1.2,34.2
20,350,9,1.13,19.2
145,770,3,0.69,123.2
50.1,25,3,0.3,49.9
100.1,605,5,0.82,96
155.2,780,7,0.76,120.7
30,465,9,1.17,29.9
105.2,290,9,0.94,94.1
65.1,115,9,1.16,60.7
15,215,5,1.13,14.7
175,600,5,0.68,158
165.3,265,5,0.67,123.9
140.3,85,7,0.63,113.6
139.9,400,5,0.8,122.2
55.1,475,3,1.29,52.9
125.2,440,7,0.87,116.6
55.1,580,7,1.3,52
193.9,310,3,0.79,157.1
115.3,65,5,0.51,94.3
185.3,415,5,0.74,160
135.2,560,9,0.85,121.5
80.1,330,5,0.92,69.1
80.2,770,5,0.93,69
15,320,7,1.11,14.7
20,790,9,1.13,19.3
10,455,7,1.09,9.8
110.2,315,3,0.86,96.6
159.7,325,7,0.72,123.4
30,335,7,1.17,29.8
130.2,320,5,0.82,120.1
60.1,780,5,1.31,59
194.2,145,7,0.78,156.2
150.2,345,5,0.81,120.9
150.4,315,3,0.79,119.9
95.1,65,3,0.52,80.6
125.2,715,5,0.83,118.6
160.2,600,5,0.75,122.1
45,285,3,1.25,43.6
85.1,565,9,0.96,79.6
25,780,5,1.17,24.1
50.1,410,5,1.25,48.1
50.1,725,7,1.26,47.8
110.2,290,5,0.9,97.2
110.2,370,5,0.88,96
200.6,200,3,0.73,159.2
145.5,115,5,0.79,117.3
30,485,5,1.16,29.9
150.2,385,9,0.93,121.3
65.1,570,9,1.3,60.9
175.2,550,5,0.7,163.4
110.2,300,9,0.9,95.1
65.1,215,5,1.3,60.9
15,600,9,1.09,14.7
135.4,410,3,0.81,122.1
10,210,5,1.09,9.8
105.2,45,3,0.34,86.7
70.1,55,9,0.53,61.5
45.1,725,3,1.24,43.4
100.2,605,9,0.84,94.6
120.3,500,3,0.83,97
170.3,730,7,0.69,162.5
155.2,735,5,0.82,120.4
95.1,800,7,0.84,80.8
90.2,205,5,0.92,80.2
55.1,490,9,1.28,53.4
120.3,300,3,0.82,98.1
20,315,9,1.13,19.3
95.1,580,5,0.82,79.7
55.1,125,9,1.29,52.8
130.2,555,5,0.83,120
155.4,210,3,0.72,120.8
135.2,630,5,0.81,121.6
160.3,785,3,0.67,122
105.1,540,5,0.79,96.5
155.5,175,5,0.77,121.9
130.4,550,3,0.83,119.5
85.1,600,5,0.89,81.3
155.2,240,5,0.72,119.3
185.4,400,7,0.79,154
190.8,325,3,0.81,156.8
115.2,50,9,0.35,113.9
95.1,270,5,0.86,80.4
135.2,655,7,0.8,119.6
180.3,750,9,0.65,164.2
195.3,435,7,0.77,156.3
35,490,7,1.19,34.1
25,725,9,1.15,24.1
170.3,120,3,0.7,129.2
90.1,520,5,0.9,80.6
194.7,720,3,0.76,159
60.1,550,3,1.28,53.7
105.2,125,7,0.85,103
135.4,555,3,0.82,120.4
60.1,770,7,1.34,57.8
30,430,9,1.17,28.3
95.1,600,9,0.84,79.9
70.1,590,7,1.14,61.4
190.3,380,3,0.71,160.7
105.2,60,3,0.48,88.5
125.2,665,5,0.8,117.9
198.7,410,9,0.86,157.5
20,280,9,1.13,19.3
45.1,500,5,1.26,42.9
70.1,575,3,1.13,61.5
95.2,780,3,0.86,81.5
175.1,90,9,0.54,130.1
185.7,535,3,0.73,160.2
15,725,7,1.11,14.7
130.4,495,3,0.81,120.1
65.1,670,3,1.26,60.8
169.4,225,5,0.67,162.3
75.1,110,7,0.97,65.1
85.1,780,7,0.95,80.1
20,500,7,1.13,19.3
35,130,9,1.21,33.9
35,535,9,1.21,34
195.4,430,7,0.78,157.1
10,265,3,1.09,9.8
195.8,200,5,0.77,159.4
50.1,300,5,1.28,47.5
189.5,35,7,0.36,137.2
20,605,9,1.14,19.3
80.1,55,5,0.5,69
130.4,305,3,0.82,118.4
10,660,3,1.09,9.9
20,670,3,1.14,19.4
160.5,120,5,0.76,122.6
165.5,195,3,0.65,160.4
35,15,9,0.27,33
169.5,445,3,0.66,162.7
150.2,750,7,0.86,119.1
15,275,9,1.13,14.7
65.1,730,7,1.26,61
180.3,235,5,0.66,163.3
10,745,9,1.08,9.9
195.5,330,3,0.73,158.9
140.2,685,7,0.8,122.3
195.4,35,5,0.35,141
55.1,535,9,1.32,51.7
134.9,65,9,0.47,106.1
155.3,695,3,0.75,121.3
190.3,785,9,0.84,154.6
150.2,35,3,0.25,115.6
160.3,35,3,0.24,121.5
60.1,20,3,0.22,59.9
165.3,535,9,0.69,122.9
150.2,780,7,0.8,120.1
180.1,385,5,0.66,164.2
25,340,5,1.15,24.1
105.3,85,5,0.68,89.7
130.2,800,5,0.84,119.6
180.3,690,9,0.7,164.2
125.2,295,5,0.82,117.6
80.1,485,5,0.92,69.5
45.1,770,7,1.25,42.9
145.2,660,7,0.89,119.8
75.1,45,3,0.41,65.4
90.1,80,7,0.68,77.8
169.3,370,7,0.69,160.3
85.1,195,7,0.97,79.7
165.6,605,3,0.65,160.8
110.2,40,3,0.27,109.1
160.2,745,3,0.72,122.1
35,720,9,1.19,34.5
25,585,7,1.14,24.1
65.1,435,9,1.27,60.3
95.1,290,7,0.83,79.6
35,315,5,1.2,34.1
130.2,295,7,0.86,119.3
90.1,685,9,0.92,80.2
20,625,5,1.12,19.4
85.1,245,5,0.95,79.1
95.1,530,9,0.84,79.7
165.3,445,9,0.68,161.1
60.1,585,3,1.31,58.8
95.1,495,9,0.86,80.6
115.2,150,3,0.85,98.1
196.9,210,5,0.78,159.7
164.4,220,7,0.74,122.3
195.4,195,9,0.79,158
65.1,80,7,0.82,59
100.2,730,5,0.79,95.7
75.1,615,5,1.04,69.6
65.1,390,9,1.31,60.9
95.1,190,5,0.86,81.1
20,380,3,1.14,19.4
190.1,275,3,0.76,155.6
100.2,785,7,0.8,95.4
120.1,275,7,0.83,117.1
140.1,145,7,0.79,122.4
10,85,9,1.11,9.9
15,715,7,1.1,14.7
163.6,130,9,0.68,156.6
145.4,15,7,0.15,112.6
20,35,7,0.94,19.6
150.2,285,5,0.91,121.2
85.1,535,7,0.88,81.5
40,745,3,1.2,37.3
164.3,200,7,0.72,159.4
40,715,7,1.2,39.8
90.1,555,3,0.91,79.8
55.1,405,3,1.27,53.3
155.5,205,5,0.78,121.2
115.2,350,5,0.89,95.9
100.2,340,9,0.84,95.2
199.3,350,9,0.8,159.6
195.2,270,9,0.78,158.8
20,70,7,1.13,19.3
20,345,3,1.14,19.3
10,615,5,1.08,9.9
45.1,750,9,1.26,43.3
195,495,3,0.74,157.7
100.3,220,3,0.81,95.5
145.2,45,7,0.3,112.6
75.1,375,7,1.05,69.5
150.2,480,9,0.94,121.3
55.1,135,7,1.31,52.4
70.1,345,9,1.14,61.2
100.2,545,9,0.81,95.8
75.1,160,5,1.04,69.3
120.2,445,5,0.81,116.5
105.2,575,5,0.8,97.5
125.4,335,3,0.83,117.6
175.1,635,5,0.65,161.5
45.1,275,7,1.26,43.1
165.2,640,3,0.68,123.9
75.1,735,9,1.07,68.9
185.6,185,3,0.74,163.9
140.2,125,9,0.77,136.4
120.2,25,3,0.17,119.3
115.1,385,9,0.85,93.8
120.1,640,9,0.82,116.9
160.4,245,3,0.66,121.7
198.2,685,7,0.81,158.5
195.3,500,3,0.76,158.1
10,315,7,1.08,9.8
169.8,650,7,0.68,162.9
150.3,470,5,0.86,120.3
150.2,765,3,0.81,122
20,510,5,1.13,19.3
50.1,715,7,1.3,46.9
198.9,360,5,0.78,158.2
105.2,505,5,0.81,98.9
20,125,3,1.12,19.3
160.3,340,7,0.72,122.9
80.1,410,3,0.95,69.6
30,230,5,1.16,29.8
10,305,9,1.08,9.9
115.2,270,7,0.86,96.8
80.1,635,3,0.94,69.9
105.2,360,7,0.79,97.7
120.2,315,5,0.83,98.6
65.1,545,7,1.3,60.3
80.1,85,7,0.78,71.8
75.1,415,3,1.04,69.9
125.3,250,3,0.77,121.3
60.1,125,7,1.27,53.2
189.7,705,9,0.77,154.9
45.1,285,7,1.25,43.3
75.1,460,5,1.05,69.4
130.3,475,3,0.84,119.5
135.2,105,3,0.7,108.2
175.3,325,5,0.66,163.6
115.2,35,3,0.28,94.1
100.2,170,7,0.81,97.4
65.1,55,5,0.57,57.5
15,595,3,1.13,14.7
200.4,155,5,0.94,159.8
120.1,90,3,0.59,96.4
30,125,5,1.17,29.9
130.2,105,7,0.73,104.9
35,100,9,1.2,34
165.3,130,3,0.62,162.9
145.2,715,5,0.87,120.1
65.1,710,9,1.3,60.4
10,255,5,1.08,9.8
90.2,185,5,0.92,81.1
110.2,540,7,0.9,95.5
45.1,240,3,1.3,42.8
164.4,775,5,0.9,159.4
75.1,700,7,1.05,69
80.1,785,9,0.93,69.1
135.5,630,3,0.83,119.9
100.1,385,9,0.81,95.8
90.1,30,9,0.27,76.4
145.2,625,7,0.88,120.1
25,225,5,1.16,24
155.4,630,3,0.78,122.3
45.1,325,5,1.23,43.3
70.1,310,9,1.13,61.2
130.2,145,3,0.82,120.4
197.5,800,5,0.79,158.5
20,520,3,1.15,19.2
10,790,7,1.08,9.9
50.1,535,7,1.28,47.4
115.2,360,7,0.85,96.9
185.4,640,9,0.8,154
75.1,605,7,1.05,69.5
185.3,630,5,0.71,160.4
140.2,745,7,0.79,122.3
45.1,40,9,0.53,44.9
130.2,285,5,0.81,119.7
55.1,250,9,1.32,51.6
140.4,95,5,0.64,112
60.1,450,7,1.32,58.2
100.2,650,5,0.81,97.5
165.2,705,5,0.64,159.6
160.5,605,3,0.69,122.5
180.2,315,7,0.75,156.6
10,25,7,1.11,9.9
30,370,7,1.18,29.7
168.7,130,7,0.7,161.7
35,500,5,1.2,34.1
200.7,450,3,0.68,157.7
110.2,335,7,0.89,93.9
120.2,755,5,0.87,97.1
75.1,230,5,1.04,69.3
50.1,560,9,1.29,47.3
75.1,595,5,1.04,69.9
35,380,5,1.2,34
15,375,3,1.12,14.7
30,80,7,1.16,28.3
35,195,7,1.21,34.1
185.3,235,7,0.73,159.3
160.2,290,5,0.76,123.1
125.2,140,9,0.83,118
120.1,495,7,0.82,95.4
50.1,795,7,1.28,47.7
25,145,7,1.16,24
155.3,285,7,0.76,120.2
115.2,685,5,0.86,96.4
175.5,465,3,0.64,163.3
60.1,345,7,1.28,53.6
25,640,3,1.16,24
55.1,370,3,1.28,53.3
80.2,590,3,0.95,70.1
135.2,325,5,0.8,119.9
165,185,3,0.72,159
15,260,5,1.09,14.7
70.1,155,3,1.13,61.3
15,630,3,1.12,14.6
164.8,360,7,0.66,159.5
150.2,375,5,0.83,120.9
165.3,585,9,0.74,158.9
160.3,365,5,0.72,123.2
80.2,535,3,0.94,70
75.1,710,5,1.04,69.4
20,405,5,1.12,19.3
140.4,665,3,0.78,122.7
90.2,385,3,0.88,79.6
95.1,360,3,0.84,79.4
105.2,385,9,0.8,97.2
155.2,375,7,0.74,119
90.1,640,9,0.91,80.3
55.1,420,7,1.31,52.1
190.3,495,9,0.78,160.8
175.6,190,3,0.66,160.4
10,350,7,1.08,9.8
80.1,415,9,0.93,68.9
135.2,715,7,0.8,120.3
185.7,415,3,0.74,160.5
85.2,445,3,0.97,79.1
75.1,210,5,1.05,69.3
40,85,5,1.22,39.3
140.1,635,9,0.79,122
130.2,380,9,0.82,119.4
90.1,395,9,0.91,79.6
140.3,430,9,0.79,120.8
50.1,260,9,1.31,46.7
180.1,780,7,0.67,163.9
120.2,740,9,0.86,96.2
185.8,285,3,0.74,160.3
40,45,5,0.67,37.3
110.2,610,7,0.89,94.8
185.3,735,9,0.77,160
10,535,7,1.09,9.9
135.2,370,9,0.82,120.9
115.2,295,5,0.86,95.9
15,610,7,1.13,14.7
115.3,670,3,0.85,96.9
175.3,520,5,0.67,158.6
195.2,730,5,0.75,157.1
25,435,7,1.15,24
180.2,730,7,0.65,164
145.2,260,9,0.76,121.8
155.2,105,7,0.69,121.5
70.1,40,5,0.38,69.7
150.5,210,3,0.78,121.1
35,555,5,1.2,34.1
45.1,370,5,1.25,43.2
15,585,5,1.09,14.7
175.3,620,9,0.69,160.1
120.1,245,5,0.81,97
140.2,60,9,0.45,110.5
199.2,645,9,0.87,156.1
120.2,800,3,0.82,116.3
125.2,620,5,0.77,121.5
160.2,790,5,0.67,121.6
35,125,3,1.18,34.2
120.2,350,7,0.83,96.9
169.8,105,3,0.66,130.5
50.1,735,5,1.31,47
35,250,9,1.21,33.9
100.1,350,9,0.82,95.9
80.1,730,3,0.95,70.3
130.2,405,5,0.83,118.8
120.2,700,3,0.83,98.1
40,275,5,1.2,37
140.2,45,7,0.31,108.9
155.3,65,9,0.44,118.2
150.3,590,5,0.82,120.6
100.2,315,7,0.8,97.4
115.2,695,3,0.87,96.6
80.1,435,9,0.94,69.3
25,690,7,1.15,24.1
185.4,570,9,0.78,157.7
95.2,200,3,0.86,81.7
70.1,485,3,1.12,61.5
130.2,645,5,0.83,118.9
60.1,370,9,1.32,58.4
75.1,90,9,0.81,65.1
65.1,660,5,1.28,60.5
100.1,565,9,0.82,95
150.4,670,3,0.8,120.1
160.5,690,3,0.71,123.2
45.1,780,5,1.26,43.3
160.5,70,5,0.52,120.7
105.1,370,9,0.82,96.9
120.2,665,7,0.83,97.6
130.2,485,5,0.81,120.2
55.1,565,3,1.27,53
75.1,730,3,1.04,69.5
190.4,455,7,0.75,160.9
200.3,30,3,0.22,142.2
65.1,490,5,1.28,60.6
175.3,35,5,0.29,129.3
165.3,210,9,0.7,122.7
140.1,485,9,0.78,119.8
60.1,635,7,1.3,58.8
170.1,775,7,0.69,162.9
199.6,615,3,0.73,159.9
135.2,485,5,0.81,120.9
85.1,460,9,0.96,79
175.6,625,3,0.65,163.2
90.1,465,7,0.89,79.8
45.1,170,9,1.28,42.7
40,585,5,1.22,39.5
65.1,355,9,1.29,60.4
105.2,115,3,0.86,91.3
90.1,495,9,0.93,80.1
70.1,440,5,1.12,61.4
10,755,7,1.08,10
168.9,400,7,0.69,162
70.1,190,3,1.12,61.7
100.2,385,3,0.79,98
180.3,615,9,0.67,163.4
25,620,7,1.16,24.1
150.2,650,7,0.86,121.5
110.2,585,7,0.86,96.8
20,475,5,1.13,19.4
50.1,140,9,1.28,47
60.1,735,7,1.34,57.5
198.3,315,9,0.82,156
197.8,415,5,0.74,157.2
20,160,3,1.13,19.4
50.1,430,3,1.25,48.5
115.2,515,5,0.86,97.3
95.1,85,5,0.72,82.6
120,335,7,0.83,97.7
60.1,575,5,1.3,59.2
150.4,530,3,0.82,121
80.1,65,5,0.59,69.6
195.3,535,5,0.69,156.1
169,390,5,0.68,163.1
175.2,775,3,0.66,158.2
30,680,3,1.19,29.7
180.4,140,5,0.7,163.8
10,50,9,1.09,9.9
90.1,375,7,0.9,80.5
115.3,280,3,0.85,97.3
30,300,7,1.17,29.8
115.2,770,7,0.87,95.3
150.5,245,3,0.84,119.2
160.6,60,5,0.47,122.5
155.2,605,9,0.81,121.4
50.1,580,7,1.3,46.9
110.2,755,3,0.89,97.3
135.4,455,3,0.79,121.2
115.2,280,9,0.88,95.1
159.8,605,5,0.73,121.8
60.1,590,9,1.3,53.4
105.2,595,3,0.8,98.8
75.1,670,7,1.04,69.5
185.4,145,7,0.78,154.7
190.4,470,9,0.74,161.4
110.2,735,3,0.91,96.5
170.1,135,9,0.72,161.4
180.2,120,7,0.74,134.7
10,10,3,0.49,10
105.2,310,7,0.79,96
85.1,735,3,0.94,79.9
140.2,800,9,0.76,120.6
25,665,5,1.15,24.1
70.1,385,5,1.11,61.2
190,510,3,0.78,154.4
85.2,360,3,0.97,79.4
199.4,640,3,0.78,158.7
125.2,315,9,0.81,121.2
85.1,555,9,0.96,79
120.2,325,9,0.83,95.4
65.1,240,7,1.29,60.5
20,415,3,1.16,19.9
50.1,420,5,1.27,47.5
179.3,600,5,0.68,164.3
140.2,585,7,0.73,122
105.3,210,3,0.9,93.7
150.2,455,5,0.84,119.6
165.1,760,9,0.7,123.4
90.1,310,9,0.92,80.1
140.2,365,5,0.76,121
120.1,310,7,0.83,96.9
135.2,145,9,0.81,122.1
159.9,135,9,0.76,123
20,580,7,1.12,19.3
40,790,3,1.19,39.8
35,230,9,1.21,33.9
60.1,150,9,1.29,59.3
180.3,590,7,0.67,163.5
40.1,95,5,1.24,39.2
20,765,7,1.13,19.3
170.3,585,7,0.65,161
80.1,180,3,0.93,69.6
190.3,705,7,0.78,160.7
70.1,120,3,1.12,62.8
130.2,520,7,0.84,118.8
130.4,395,3,0.84,119.9
80.2,640,3,0.95,69.6
160.3,135,7,0.71,122.2
165.2,565,7,0.68,123.7
115.2,720,7,0.87,96.4
140.4,570,3,0.76,122.1
35,95,3,1.2,34
70.1,500,7,1.14,61.4
30,135,3,1.15,29.9
105.1,575,7,0.8,97
70.1,260,5,1.15,61.5
85.1,360,9,0.95,79.4
150.4,205,7,0.96,121
60.1,355,5,1.34,57.6
130.2,610,5,0.84,119.5
70.1,365,9,1.1,61.5
50.1,70,3,0.85,46
55.1,430,5,1.3,52.3
197.4,675,7,0.76,157.8
130.2,715,7,0.86,119.9
180.3,190,9,0.72,164.4
55.1,110,5,1.22,49.6
140.2,650,9,0.79,121.1
55.1,155,5,1.29,53
50.1,545,5,1.28,47.5
198.6,555,5,0.77,158.5
10,560,9,1.09,9.9
175.3,795,3,0.66,162.2
190.3,225,5,0.73,159.3
10,340,9,1.09,9.9
60.1,625,9,1.31,58.8
165.3,55,7,0.35,123.1
95.1,510,5,0.84,80.6
100.2,510,5,0.8,98
135,120,9,0.8,106.4
125.2,400,5,0.78,120.5
55.1,650,7,1.32,51.7
160.3,500,5,0.74,123.1
15,780,3,1.1,14.7
45.1,470,7,1.25,43.1
40,795,9,1.24,39.3
75.1,555,7,1.04,69.2
115.2,335,9,0.85,95.8
45.1,150,5,1.28,42.6
145.3,785,9,0.8,123
65.1,35,9,0.39,58.1
50.1,280,7,1.27,47.4
25,85,5,1.16,24.1
90.1,70,7,0.58,76.7
30,785,5,1.18,29.8
90.1,355,5,0.9,80.1
139.8,410,7,0.81,123
174.9,660,5,0.62,161.8
70.1,600,5,1.14,61.4
25,155,5,1.17,24
180.3,480,5,0.75,157.7
135.2,640,7,0.81,122.3
110.3,190,5,0.9,94.1
80.1,200,5,0.95,69.2
190.7,375,3,0.72,160.6
139.5,330,5,0.78,120.9
45.1,305,5,1.25,43
35,785,5,1.23,33.7
10,375,9,1.09,9.8
193.8,660,9,0.82,154.4
60.1,755,3,1.31,58.5
170.6,20,3,0.21,169
135.3,15,7,0.16,106.3
50.1,50,7,0.6,49.8
150.2,200,9,0.91,120.8
175.6,350,3,0.7,163.6
185.3,265,9,0.75,158.3
90.1,485,9,0.9,79.7
194.3,595,3,0.75,156.7
155.2,670,9,0.81,121.1
194,755,9,0.79,156.3
160.3,600,9,0.69,119.9
160.3,675,9,0.76,122
199.5,100,7,0.57,191.4
40,760,7,1.2,39.8
110.2,740,9,0.92,93.9
30,185,7,1.18,29.8
190.5,25,7,0.31,186.7
110.2,345,7,0.88,94.3
30,390,3,1.17,28.4
55.1,280,3,1.3,53.2
65.1,135,5,1.32,60.7
185.3,680,7,0.76,160.8
65.1,400,9,1.3,60.6
80.1,320,3,0.94,69.5
40,220,3,1.21,39.7
35,405,7,1.21,34
140.2,310,9,0.79,119.9
193.4,155,5,0.77,156.8
10,185,3,1.1,9.9
145.2,690,7,0.76,122.6
100.3,15,7,0.16,83.5
65.1,465,3,1.27,60.4
70.1,680,3,1.14,61.4
65.1,695,5,1.28,60.8
100.2,135,7,0.83,96.2
10,70,5,1.1,9.9
200.4,405,7,0.77,159.5
160,580,9,0.74,121.7
90.1,115,5,0.95,80.9
145.3,570,7,0.86,119.1
50.1,785,9,1.3,47
55.1,590,5,1.28,52.8
100.1,235,5,0.8,96.9
20,535,9,1.14,19.3
40,185,7,1.23,39.4
180.2,445,5,0.66,164.5
30,360,9,1.17,29.8
35,295,9,1.22,33.9
190.4,30,9,0.29,136.8
15,50,3,1.09,14.8
135,605,7,0.79,118.8
105.3,675,3,0.8,98
100.1,775,3,0.78,96.8
105.2,345,5,0.79,96.1
95.1,660,9,0.84,93.2
150.2,695,7,0.91,120
50.1,630,3,1.29,47.8
50.1,780,3,1.29,46.8
145.3,680,3,0.73,123.4
25,295,7,1.16,24
75.1,790,7,1.05,69.7
140.2,175,9,0.8,121.5
175.2,360,7,0.64,163.5
95.1,650,7,0.84,80.4
40.1,25,5,0.37,39.9
155,750,9,0.77,119.9
160.3,255,7,0.73,122
40,130,9,1.2,39.6
130.2,530,7,0.83,120.7
164.1,305,3,0.65,159.5
175.3,580,5,0.68,163.6
120.2,225,5,0.82,96.2
80.1,505,5,0.94,69.7
160.2,665,9,0.72,121.4
15,530,9,1.11,14.7
150.3,430,3,0.83,120.6
169.1,375,3,0.66,162.8
145.2,250,7,0.87,120.5
30,615,9,1.17,29.8
170.3,335,9,0.69,160.6
194.3,735,9,0.82,157.9
175.4,200,3,0.67,162.4
115.2,200,7,0.88,95.5
145.5,585,3,0.73,123.2
180.6,10,5,1.25,166.4
120,635,7,0.83,95.9
155.3,475,9,0.79,119.9
135.4,595,3,0.81,121.7
115.2,410,5,0.86,96.7
135.2,460,5,0.78,122.3
100.1,190,9,0.84,95.6
199.1,270,9,0.79,157.3
185.3,720,9,0.77,157
180.1,130,9,0.68,160.1
185.3,555,5,0.75,157.4
55.1,730,7,1.3,52.4
80.1,525,5,0.92,69.4
30,90,5,1.18,29.8
185.5,125,5,0.63,179.4
115.2,135,9,0.89,95.5
195.4,65,3,0.41,139.6
195.2,425,5,0.76,157.3
90.1,40,7,0.33,89.4
180.3,215,7,0.67,164.1
35,625,7,1.19,34.1
15,760,7,1.11,14.7
50.1,600,5,1.28,47.6
80.1,460,7,0.92,69.4
90.1,160,3,0.91,80
75.1,680,7,1.04,69.1
135.2,410,9,0.85,121.6
25,15,5,0.35,24
25,30,9,0.67,24
125.3,25,5,0.18,124.5
90.1,630,7,0.9,80.3
105.1,390,5,0.9,95.1
175.3,355,5,0.68,163.3
180.3,75,9,0.46,133.6
90.1,90,9,0.71,75.9
145.2,355,9,0.85,120
139.9,160,3,0.79,122.5
175.6,690,3,0.66,161.6
125.2,675,7,0.83,117.9
125.2,780,9,0.85,120.9
75.1,140,5,1.07,69
115.2,605,5,0.86,96.8
110.2,595,9,0.9,95.6
40,140,9,1.22,39.3
90.1,125,7,0.95,88.5
195.2,585,5,0.76,158.8
150.2,60,9,0.44,116.3
90.1,405,9,0.9,79.7
25,645,9,1.17,24
175.3,435,9,0.74,160.3
55.1,695,5,1.29,52.6
15,225,3,1.13,14.6
60.1,540,5,1.28,59.2
150.2,515,9,0.82,119.8
20,695,5,1.13,19.3
165.5,105,5,0.67,127.5
155.6,20,5,0.16,154.2
190.4,125,7,0.67,183.6
115,155,9,0.85,93.4
150.2,110,3,0.65,114.6
194.2,415,9,0.77,159.7
90.1,435,7,0.9,79.4
150.4,585,3,0.84,121.8
195.4,700,7,0.73,155.9
125.2,185,9,0.82,121.6
65.1,535,7,1.28,61.1
45.1,430,7,1.26,42.8
185.3,610,9,0.77,155.2
195.1,250,3,0.74,158.5
40,155,3,1.21,39.7
135.2,30,9,0.23,105.9
105.2,10,5,0.09,104.6
105.3,605,3,0.9,94.3
145.2,165,9,0.77,122.9
80.1,125,7,1.03,78.8
65.1,685,7,1.29,60.9
169.9,495,9,0.7,162.8
70.1,85,3,0.83,64.3
35,635,5,1.2,34.1
30,715,3,1.17,29.9
40.1,385,3,1.2,39.8
70.1,205,9,1.15,61.2
175.3,495,7,0.68,163.5
125.2,150,9,0.87,116.3
100.1,530,7,0.8,96.9
60.1,365,3,1.29,59
70.1,760,3,1.13,61.7
110.3,765,5,0.94,94.6
120.3,340,3,0.85,97.9
125.2,270,7,0.84,118.3
170.5,575,3,0.67,161.5
65.1,720,7,1.29,60.8
140.2,205,9,0.79,121.1
10,650,5,1.09,9.8
70.1,540,3,1.12,61.7
80.1,590,5,0.93,69.7
115.2,40,9,0.28,114.1
185.3,765,3,0.73,160.2
20,650,7,1.12,19.4
35,150,5,1.19,34.4
190.3,175,9,0.8,160.2
85.1,285,9,0.97,80.1
115.2,425,5,0.85,96
100,770,5,0.84,95.8
100.2,570,5,0.8,97
179.9,770,5,0.69,161.5
60.1,80,9,0.88,55
170.3,610,7,0.69,160.4
45,455,3,1.21,44.2
10,220,3,1.11,9.8
160.2,470,5,0.71,121.5
110.2,435,9,0.89,94.8
25,400,7,1.15,24
179.7,155,7,0.7,164.1
85.1,800,5,0.96,78.9
155.3,250,5,0.75,122.6
100.3,575,3,0.78,97.7
35,775,7,1.2,34
70.1,720,9,1.13,61.5
75.1,330,5,1.04,69.1
175.6,125,5,0.68,169.8
195.4,80,9,0.54,141.3
15,480,3,1.12,14.7
80.1,700,7,0.95,69.8
120.2,205,9,0.86,115.6
75,550,3,1.04,69.8
35,335,3,1.21,34
60.1,475,9,1.35,57.9
145.3,285,9,0.75,123
165.5,420,3,0.65,123.9
65,290,3,1.28,60.9
195,45,5,0.31,138.6
15,20,9,0.69,15
95.1,555,7,0.83,80.8
75.1,260,9,1.06,69.2
40.1,320,3,1.24,39.4
105.3,160,5,0.93,93.5
55.1,235,3,1.28,53.1
140,530,3,0.76,122.6
50.1,310,5,1.27,47.4
85.1,590,3,0.96,79.9
75.1,575,7,1.04,69
125.2,45,3,0.31,99.8
25,595,5,1.14,24.2
160.3,400,7,0.72,122.1
105.2,535,9,0.93,93.7
60.1,715,9,1.31,58.5
100.1,220,7,0.79,96.7
40,505,5,1.21,37
25,480,5,1.15,24.1
30,105,9,1.18,29.8
120.2,605,5,0.83,96.5
45.1,715,5,1.26,42.8
120.2,295,9,0.82,95.5
199.3,690,5,0.7,160.7
140.3,125,3,0.73,136.6
190.4,595,5,0.76,159.8
45.1,110,5,1.28,42.6
90.1,135,9,0.91,79.8
30,530,5,1.17,29.8
50.1,15,5,0.22,45.7
30,255,9,1.17,29.9
195.4,580,5,0.76,160.1
95.1,240,7,0.83,79.6
35,795,3,1.19,34.2
10,695,3,1.09,9.8
189.7,65,5,0.59,137.4
45.1,420,9,1.26,43.2
140.2,520,5,0.78,120.9
150.2,635,5,0.84,121.3
120.2,35,5,0.29,97.4
90.1,745,3,0.89,80.7
55.1,295,7,1.31,52.6
60.1,30,3,0.33,53.9
135.2,585,9,0.8,121.6
25,550,7,1.15,24
35,575,3,1.2,34.1
70.1,455,9,1.15,61.4
75.1,365,9,1.04,69.2
25,305,5,1.15,24.1
90.1,205,9,0.92,79.9
80.1,35,9,0.34,69.6
40,565,3,1.22,39.6
15,645,7,1.1,14.7
105.1,275,3,0.82,96.3
110.3,620,3,0.89,96.3
45.1,680,3,1.24,43.6
164.7,765,7,0.69,160.3
105.2,480,7,0.93,93.1
70.1,180,5,1.14,61.6
120.2,630,5,0.8,97
110.3,335,3,0.9,96.2
130.2,425,7,0.85,120.3
40,55,3,0.8,37.2
175.6,290,3,0.64,161.6
45.1,620,3,1.24,43.4
30,275,5,1.16,29.9
25,60,3,1.15,24.1
15,135,7,1.09,14.7
169.3,185,3,0.71,161.8
130.2,230,9,0.83,119.6
20,255,7,1.14,19.2
80.1,690,7,0.92,68.9
165.3,600,7,0.69,123.9
15,635,9,1.12,14.7
125.2,685,9,0.86,117.5
55.1,410,9,1.32,52.1
10,500,5,1.07,9.8
80.1,105,7,0.94,71.1
185.4,505,7,0.73,160.1
55.1,720,7,1.26,53.7
15,65,7,1.1,14.8
125.2,410,5,0.83,118.4
50.1,235,3,1.3,47.1
40,65,3,0.95,37.7
65.1,365,7,1.29,60.4
65.1,170,5,1.27,60.4
45,655,3,1.24,43.8
176.8,765,5,0.84,154.8
160.3,620,5,0.75,120.9
180.6,385,3,0.68,163.6
135.2,235,9,0.81,120.8
95.1,115,7,0.95,83.4
20,755,9,1.13,19.3
90.1,755,3,0.91,80.1
120.3,635,3,0.81,96.9
100.1,485,5,0.81,95.9
40,165,7,1.2,36.9
25,355,9,1.16,24
165.3,735,9,0.7,160.4
95.1,475,5,0.83,80.3
145.6,190,3,0.88,120.1
197.6,700,3,0.77,158.3
165.2,80,7,0.5,124.9
190.2,300,7,0.78,160.7
130.2,330,7,0.83,121.3
40,425,9,1.23,39.4
198.6,360,9,0.78,158
180.3,125,3,0.65,174
80.1,220,9,0.93,69.1
15,445,3,1.12,14.7
55.1,555,5,1.28,52.5
55.1,10,9,0.12,55
60.1,600,7,1.33,58.1
25,410,5,1.16,24
65.1,180,3,1.28,60.4
90.1,280,5,0.9,79.1
100.1,670,9,0.84,96.1
155.2,215,7,0.76,120.7
115.2,570,7,0.87,98
75.1,80,7,0.75,66.6
20,300,5,1.13,19.3
15,125,9,1.11,14.7
150.3,30,7,0.23,114.7
155.3,355,5,0.77,121.6
55.1,765,7,1.31,52.1
135.2,445,5,0.81,120.1
30,20,5,0.38,30
170.3,675,5,0.7,161.7
175.3,475,7,0.68,160.7
135.2,40,7,0.26,134.2
155.3,740,3,0.76,122.3
190.4,390,5,0.76,161.1
60.1,275,7,1.35,57.7
25,100,9,1.16,24
194.8,700,3,0.73,156.9
30,765,9,1.18,29.9
125.2,245,7,0.82,118.6
25,190,5,1.16,24
45.1,600,5,1.27,42.6
125.3,595,3,0.82,118.6
55.1,30,5,0.36,49.9
65.1,755,9,1.3,60.8
165.3,150,3,0.65,124
199.1,535,7,0.79,158.9
150.3,700,7,0.88,120.6
60.1,265,9,1.36,57.5
125.1,390,5,0.81,121.5
135.1,775,3,0.79,122.3
150.2,10,9,0.11,149.1
15,670,9,1.13,14.7
110.2,480,9,0.9,96.3
135.2,725,7,0.82,121.1
20,185,5,1.14,19.2
80.1,170,3,0.93,69.7
95.1,425,9,0.85,80.8
35,75,7,1.18,34.4
60.1,110,3,1.13,53.6
135.4,685,3,0.81,121.6
40,315,3,1.22,37.3
145.2,760,9,0.87,117.6
15,700,3,1.09,14.7
80.1,190,7,0.95,69.6
70.1,340,3,1.15,61.5
20,310,3,1.14,19.3
50,605,3,1.25,48.1
125.2,235,5,0.8,120.9
100.2,490,3,0.79,97.6
30,320,3,1.18,28.2
185.3,750,7,0.79,154.8
80.1,375,5,0.94,69.6
95.1,615,5,0.84,80.4
185.3,460,7,0.74,159.5
130.2,265,5,0.86,120
160.3,305,7,0.69,122.1
60.1,725,9,1.34,57.7
175.2,405,7,0.66,163.6
200.3,435,5,0.68,157.9
120.2,370,5,0.84,98.8
20,140,7,1.17,19.9
35,800,9,1.2,34.1
160.3,550,5,0.74,122.8
65.1,675,9,1.31,60.6
25,495,9,1.16,24.1
65.1,320,9,1.27,60.7
100.2,190,5,0.82,95.6
185.3,360,9,0.76,153.8
115.3,185,5,0.87,94.8
105.2,460,7,0.8,96.6
50.1,75,9,0.91,46.1
25,95,3,1.16,24
95.1,345,9,0.84,79.4
75.1,15,3,0.16,65.5
115.2,615,7,0.87,96.6
25,680,9,1.15,24
115.2,505,5,0.87,97.6
30,625,7,1.15,28.4
195.3,305,5,0.75,160.5
70.1,65,7,0.63,62.1
85.1,705,7,0.98,79.7
65.1,800,9,1.28,60.3
15,305,3,1.13,14.7
120.1,730,5,0.82,98.9
65.1,795,3,1.29,60.8
15,565,9,1.1,14.7
40,405,7,1.22,39.6
10,385,7,1.08,9.9
145.2,340,7,0.78,123.3
175.3,635,9,0.72,161
190.5,320,3,0.71,160.8
10,190,9,1.1,9.9
80.1,95,7,0.85,70.9
80.1,210,7,0.94,69.2
50.1,400,7,1.27,47.1
170.2,585,3,0.66,162.7
150.3,165,5,0.87,121.8
60.1,620,3,1.29,59.3
195.1,55,7,0.35,139.6
25,420,3,1.16,24.2
140.3,215,7,0.81,121
130.2,735,5,0.93,118.3
175.2,665,3,0.66,159.8
115.3,20,5,0.16,114.3
40,35,7,0.54,37.6
115.2,325,9,0.87,96
75.1,60,9,0.59,66.8
65.1,100,3,0.95,64.4
70.1,775,9,1.14,61.3
15,745,3,1.09,14.7
140.3,335,5,0.79,122.2
150.2,310,9,0.93,120.5
60.1,760,9,1.32,58.4
45.1,490,7,1.25,43.1
145.2,390,7,0.83,118.8
120.2,515,5,0.82,97.1
60.1,335,9,1.32,58.3
199.2,130,7,0.8,161.4
35,680,3,1.2,34.3
115.3,460,3,0.88,98
135.4,495,3,0.78,121.4
80.1,735,9,0.94,69
125.2,305,7,0.8,119.9
175.3,370,7,0.69,159.1
65.1,30,3,0.31,57.8
35,565,5,1.2,34.1
190.2,575,5,0.77,153.8
90.1,760,9,0.92,79.5
55.1,570,9,1.32,51.6
10,525,7,1.09,9.9
65.1,420,5,1.29,60.7
110.2,10,5,0.09,109.9
35,260,7,1.2,34
155.4,380,3,0.74,122.4
80.1,15,7,0.17,69.2
45.1,100,7,1.26,43.2
170.3,55,7,0.35,126.1
145.2,465,9,0.85,119.2
70.1,125,9,1.13,69.2
85.1,90,7,0.73,72.5
90.1,50,7,0.4,89.4
155.2,560,3,0.76,121.5
120.3,560,3,0.81,97.3
180,105,5,0.65,134.6
70.1,670,5,1.12,61.4
70.1,10,9,0.11,69.9
160,180,3,0.79,121.7
25,130,3,1.15,24.2
185.6,75,5,0.47,136.6
35,460,9,1.21,33.9
70.1,305,3,1.14,61.2
45.1,360,7,1.26,42.9
30,740,7,1.17,28.4
30,600,5,1.17,28.3
165.3,370,5,0.67,124.1
75.1,505,9,1.06,68.8
20,800,7,1.13,19.3
110.2,240,7,0.89,96.4
154.2,765,5,0.88,121.2
10,700,9,1.09,9.9
85.1,790,7,0.96,79.8
25,700,5,1.15,24.1
150.2,730,7,0.82,120.1
100.2,255,3,0.82,95.1
25,540,9,1.15,24.2
119.9,355,7,0.84,98
30,635,5,1.17,29.8
60.1,100,5,1.03,59.5
20,290,7,1.14,19.2
165.4,275,9,0.68,161.4
100.3,150,5,0.82,96.4
175.5,205,7,0.72,157.7
20,430,7,1.13,19.3
145.2,120,9,0.77,112.1
15,190,3,1.12,14.7
85.1,30,3,0.26,72.8
168.7,720,7,0.71,159.2
140,800,3,0.76,122.1
150.2,45,7,0.31,115
110.1,290,7,0.89,95.1
190.4,410,5,0.73,161.2
165.2,475,7,0.7,155.5
65.1,480,7,1.3,60.7
110.2,670,7,0.9,96.7
150.4,135,5,0.92,120.9
194.9,475,7,0.77,160.5
159.8,215,5,0.75,121.7
120.3,225,3,0.84,97.7
155.3,335,9,0.77,122.4
165.1,665,7,0.7,159.5
80.1,145,9,0.92,69.2
160.3,635,7,0.67,155.5
40,665,5,1.22,39.4
85.2,545,3,0.95,79.4
25,50,5,1.09,25
55.1,485,3,1.26,53.6
50.1,505,9,1.29,47
170.2,320,7,0.69,162.8
95.1,175,7,0.84,81
50.1,525,7,1.28,47
125.2,465,5,0.81,120.6
180.3,40,3,0.23,178
185.4,320,7,0.77,154.9
110.2,180,9,0.91,95
115.3,325,3,0.86,96.4
20,395,7,1.13,19.3
75.1,585,7,1.02,69.6
125.2,430,7,0.86,116.7
190.2,50,5,0.4,185.1
160.3,190,7,0.74,121.2
80.1,620,9,0.93,69.7
130.2,165,9,0.85,119.7
75.1,720,3,1.04,69.7
65.1,555,5,1.26,60.7
200.3,270,7,0.86,156.3
100.2,770,9,0.85,95.2
125.3,85,5,0.64,103.1
75.1,350,5,1.05,69.7
155.3,705,5,0.71,120.3
105.1,320,5,0.78,98.4
80.1,385,7,0.94,69.6
100.2,430,3,0.81,97.8
165.5,15,7,0.19,123.5
140.2,615,7,0.78,121.6
190.4,485,9,0.79,160.5
145.2,85,9,0.59,116.6
125.2,800,7,0.84,117.5
180.2,350,5,0.68,164.1
105.2,235,5,0.8,97.5
100.1,175,9,0.83,95.3
80.1,745,9,0.95,70.1
145.2,180,9,0.9,118.9
20,360,7,1.13,19.3
120.2,180,7,0.85,96.6
95.2,495,7,0.83,79.7
50.1,635,9,1.28,47
90.1,20,3,0.17,89.7
50.1,435,9,1.28,47.6
130.2,370,7,0.83,119.4
155.1,700,3,0.71,118.6
115.2,380,9,0.88,96.4
15,435,5,1.09,14.7
125.2,740,9,0.86,118.6
160.3,325,5,0.69,122.3
140.2,95,9,0.63,111
135.2,190,7,0.84,120.8
35,160,3,1.2,34.4
85.1,205,9,0.97,79.6
159.8,380,7,0.74,123.6
145.3,250,5,0.72,123.2
35,435,7,1.2,34.3
85.2,195,3,0.9,81.9
140.2,30,5,0.23,109.3
95.1,335,9,0.83,93.6
145.2,550,5,0.78,122.5
10,155,9,1.09,9.9
105.3,475,3,0.8,97.8
75.1,635,3,1.04,69.6
125.2,495,5,0.82,118.1
180.3,165,7,0.77,157.5
135.4,295,3,0.8,120.8
85.1,405,7,0.94,80.3
65.1,125,7,1.19,64.2
50.1,380,9,1.29,47.1
10,605,7,1.08,9.9
185.3,795,5,0.74,160.5
65.1,110,3,1.05,57.5
45.1,405,5,1.23,43.7
180.5,115,5,0.69,137.6
85.1,475,3,0.97,79.5
150.5,425,3,0.82,121.4
20,210,7,1.15,19.2
115.2,445,9,0.87,96.3
110.2,515,9,0.9,96.7
55.1,75,5,0.86,50.3
105.2,420,9,0.8,98.4
160.4,20,5,0.18,158.3
150.5,290,3,0.79,119.8
125.3,205,3,0.8,119.4
95.3,270,3,0.84,80.5
40,370,9,1.22,39.7
90.2,460,3,0.9,79.7
175.3,300,5,0.67,163.5
130.2,620,7,0.84,118.9
40,435,9,1.24,39.4
160.2,625,7,0.74,123.2
85.1,180,3,0.95,79.7
189.3,710,9,0.79,156.2
190.3,70,9,0.43,136.7
10,465,5,1.08,9.9
95.2,340,3,0.86,79.8
25,755,3,1.16,24
60.1,285,5,1.33,57.8
15,470,5,1.1,14.8
110.2,255,5,0.87,96.2
185,115,5,0.73,140.6
75.1,800,5,1.06,69.4
85.1,610,5,0.95,79.4
25,790,3,1.15,24
90.1,735,5,0.92,80.8
50.1,150,7,1.28,47.2
195.2,160,7,0.75,159.4
85.1,545,9,0.96,79.8
20,635,3,1.14,19.2
25,280,3,1.17,24
75.1,200,3,1.05,69.4
115.2,535,9,0.88,96.5
85.1,110,9,0.9,72.1
130.2,220,7,0.84,118.9
140.2,775,9,0.79,120
180.1,720,9,0.68,164.3
10,730,5,1.09,9.9
15,40,5,1.1,14.7
160.3,85,9,0.59,122.9
185.4,120,7,0.67,136.1
145.2,215,9,0.84,119.7
70.1,770,3,1.12,61.6
155.3,445,5,0.76,121.5
145.2,425,9,0.87,119.2
35.1,480,3,1.18,34.7
115.2,65,7,0.48,94.2
70.1,100,7,0.92,69.3
155.5,330,3,0.75,122.5
130.4,185,3,0.89,118.7
90.1,265,9,0.92,79.4
130.4,455,3,0.83,119.7
130.3,325,3,0.86,119.5
190.3,600,5,0.76,161.1
150.2,80,3,0.54,116.4
50.1,705,9,1.29,47
30,250,3,1.2,29.6
70.1,275,9,1.15,61
164.2,235,7,0.67,159.5
155.3,260,7,0.78,121.3
10,80,3,1.08,9.9
160.5,385,3,0.68,121
175.3,695,5,0.67,163.6
15,180,5,1.12,14.6
35,360,5,1.19,34.3
20,775,5,1.14,19.3
199.2,730,9,0.83,159.6
85.1,125,3,0.98,83.7
115.2,80,3,0.58,94.9
45.1,335,3,1.25,43.4
115.2,305,3,0.86,97.4
150.2,175,7,0.82,119.5
15,620,5,1.08,14.7
70.1,740,7,1.11,61.3
198.2,315,5,0.77,160
175.3,725,7,0.66,163.2
194.7,370,7,0.76,160.7
190.4,160,7,0.77,158.8
190.7,110,5,0.55,137.4
15,120,3,1.08,14.7
10,445,9,1.08,9.9
155.5,510,3,0.75,121.5
165.3,550,7,0.67,160.1
30,150,7,1.17,29.8
150.3,720,5,0.88,121.6
155.3,15,3,0.14,118.1
95.1,780,9,0.86,81.1
80.1,310,5,0.92,69
10,625,3,1.09,9.8
70.1,285,7,1.15,61.2
185.3,590,9,0.79,157.8
190.4,545,9,0.78,157.6
145.2,495,9,0.76,122.4
85.1,350,9,0.97,79.3
155.2,760,3,0.81,121.6
145.4,230,3,0.88,119.3
60.1,215,3,1.29,53.9
100.2,530,9,0.81,94.9
160.3,520,5,0.68,155.8
190.3,335,7,0.75,160.8
70.1,90,9,0.85,61.2
95.1,450,7,0.84,80.5
55.1,270,5,1.31,52.3
170.3,435,3,0.65,162.5
45.1,480,9,1.27,42.8
155.2,305,7,0.74,120
65.1,295,7,1.3,60.9
105.2,185,9,0.8,96.7
130.2,130,7,0.85,120.5
194.3,280,5,0.75,157
105.2,775,5,0.98,93.2
55.1,190,5,1.29,53
10,175,5,1.1,9.9
100.1,105,5,0.83,85.1
10,580,5,1.08,9.8
170.2,70,9,0.44,127.4
75.2,600,3,1.04,69.4
190.9,430,3,0.77,156.2
55.1,325,3,1.31,52.3
110.3,380,3,0.89,96.4
160.3,460,7,0.66,157.4
55.1,640,9,1.32,52.1
55.1,205,9,1.35,51.5
100.1,130,9,0.81,96.7
140.3,285,5,0.79,121.9
15,15,3,0.53,14.7
35,750,5,1.21,34.3
115.2,800,5,0.87,97.4
25,760,9,1.16,24
90,255,3,0.91,80.1
70.1,565,5,1.13,61.3
50.1,620,5,1.28,47.2
15,665,3,1.12,14.7
155.4,100,5,0.56,151.4
50.1,690,5,1.29,47.2
135.2,250,7,0.8,119.6
75.1,755,7,1.04,69
35,225,3,1.2,34.1
10,630,9,1.09,9.8
125.2,770,9,0.85,119.4
198.4,415,9,0.84,156.8
55.1,45,9,0.52,49.7
60.1,75,3,0.79,54.4
180.3,790,7,0.66,163.4
170,370,9,0.71,161.8
165.5,635,3,0.65,161.5
189.6,350,5,0.75,153.4
140.2,110,3,0.65,108.5
10,150,3,1.08,9.9
155.3,50,5,0.35,152.2
10,490,7,1.08,9.9
105.2,685,5,0.8,97.1
40.1,530,3,1.21,37.2
45,100,5,1.23,43.9
20,115,5,1.14,19.3
10,360,5,1.08,9.8
30,325,9,1.18,29.7
45.1,460,9,1.25,43.2
65.1,230,9,1.29,60.7
15,460,7,1.11,14.7
150.2,130,3,0.79,122
160.1,675,5,0.8,121
150.3,135,7,0.96,120.3
50.1,320,3,1.3,47.3
175.6,485,3,0.64,159.5
170.6,200,3,1.02,158.2
20,385,9,1.13,19.3
55.1,145,7,1.31,52.4
20,105,7,1.14,19.3
165.3,510,3,0.7,160.1
45.1,15,3,0.23,41.6
135.2,705,5,0.79,119.6
60.1,405,9,1.32,58.3
75.2,330,3,1.08,69.6
145.2,575,9,0.77,123.4
165.3,700,7,0.67,158.4
85.1,725,3,0.96,79.7
125.2,540,5,0.84,117.8
35,390,3,1.19,34.4
60.1,170,5,1.29,53.9
10,105,5,1.11,9.9
10,15,9,0.76,9.9
65.1,270,3,1.31,60.7
160.3,235,7,0.69,120.8
35,660,7,1.19,34.1
55.1,165,3,1.29,52.6
135.4,260,3,0.82,121.3
80.1,675,3,0.92,69.5
35,185,7,1.22,33.8
40,620,9,1.22,39.6
80.1,450,5,0.93,69.8
95.1,565,9,0.86,80.7
95.2,675,5,0.83,79.9
125.2,725,3,0.81,117.7
130.2,540,9,0.83,119.7
80.1,135,7,0.95,69.7
10,405,3,1.1,9.8
165.3,115,9,0.76,127.6
60.1,300,9,1.35,57.6
105.2,610,5,0.81,96.8
30,730,9,1.17,29.8
150.4,85,5,0.59,119.6
15,345,9,1.1,14.7
30,140,9,1.17,29.8
165.1,205,7,0.75,158.7
50.1,555,3,1.28,48.5
70.1,610,3,1.11,61.5
60.1,745,5,1.31,53.7
15,195,9,1.1,14.7
20,785,3,1.13,19.3
155.3,610,9,0.78,120
15,90,9,1.11,14.6
50.1,85,9,1.04,47.8
40,415,7,1.22,39.6
40.1,160,5,1.2,37.1
105.2,715,3,0.8,97.7
175.6,565,3,0.66,161.5
85.1,220,9,0.88,81.2
160.2,235,5,0.72,123.5
60.1,460,5,1.3,58.7
190.4,645,7,0.73,161
190.4,755,7,0.78,160.9
60.1,260,3,1.33,58.4
194.6,10,9,1.54,177
180.4,675,3,0.65,164.1
190.2,440,9,0.79,157.4
155.5,575,3,0.68,120.8
150.3,735,7,0.8,120.4
199.2,345,5,0.75,159.1
169.7,465,3,0.64,162.7
184.6,115,9,0.77,138.5
190.4,565,5,0.73,161.1
20,730,7,1.13,19.3
139.9,265,3,0.78,122.5
110.3,215,3,0.89,94.9
100.1,120,3,0.89,84.7
110.2,45,9,0.34,90.3
30,170,3,1.17,29.8
60.1,205,5,1.29,59.2
10,410,9,1.1,9.9
110.2,230,7,0.89,96
110.2,645,5,0.89,97.2
135.2,170,7,0.84,120.8
10,60,7,1.08,9.8
70.1,510,5,1.13,61.4
25,605,3,1.16,24.1
105.1,140,7,0.81,97.1
25,710,3,1.15,24
95.1,370,5,0.84,81.4
110.2,170,7,0.91,93.8
170.2,370,5,0.71,157.3
200.4,105,3,0.6,146.5
165,740,7,0.68,161.4
160.5,330,3,0.68,122.1
10,800,5,1.08,9.9
145.2,305,7,0.73,123.6
125.2,595,7,0.83,119.2
125.2,105,3,0.73,103.2
95.1,405,5,0.84,81
135.2,65,3,0.44,106.8
180.3,320,9,0.75,156.5
139.7,495,5,0.77,122.4
40,175,7,1.22,39.6
195.3,650,9,0.8,155.2
200.4,630,9,0.93,154.6
40,360,9,1.23,39.5
135.2,80,3,0.54,108
105.3,305,3,0.81,98.7
170.3,190,5,0.69,162.3
120.3,785,5,0.82,95.3
198.5,665,3,0.77,158.4
55.1,225,5,1.31,52.1
105.2,255,9,0.92,94.4
70.1,430,5,1.13,61.5
140.4,250,3,0.8,123
150.2,795,3,0.86,121.6
105,445,5,0.82,96.5
190.4,775,9,0.78,161.2
185.3,70,7,0.43,135.8
165.3,295,5,0.65,124.1
145.3,405,7,0.78,122.9
25,675,3,1.16,24.2
145.2,370,9,0.87,119.6
15,520,9,1.11,14.7
140.2,385,5,0.79,122.7
85.1,165,9,0.94,79.4
155.3,415,9,0.82,122.5
65.1,375,5,1.3,60.9
85.1,580,5,0.96,79.2
115.2,780,7,0.86,94.6
15,355,7,1.13,14.7
105.1,620,5,0.78,96.8
139.8,605,3,0.77,121.5
150.2,160,5,0.8,119.2
55.1,660,5,1.31,52.2
50.1,590,5,1.26,47.6
90.2,595,3,0.9,81
65.1,445,7,1.29,60.1
50.1,645,7,1.28,47.4
50.1,105,5,1.26,47.8
55.1,465,5,1.29,52.5
185.6,475,3,0.75,157.9
65.1,315,3,1.28,60.8
60.1,390,5,1.31,58.4
180.3,495,7,0.68,160.9
55.1,800,7,1.29,52.9
155.3,155,9,0.79,121
80.1,255,7,0.94,69.7
175.3,155,3,0.67,160.7
198.8,140,7,0.85,158.8
40,545,5,1.19,39.8
110.2,195,9,0.89,95.6
120.2,790,3,0.78,97
35,340,9,1.2,34.2
25,490,3,1.15,24.2
160.3,15,3,0.14,121.1
20,220,5,1.14,19.3
40,480,7,1.24,39.2
20,275,3,1.14,19.2
145.2,70,7,0.45,111.9
105.1,470,3,0.8,96.6
130.2,355,9,0.84,119.4
115.2,700,9,0.89,96.3
110.2,705,3,0.89,95.7
115.2,650,7,0.88,96
90.1,715,7,0.91,80.1
115.2,370,9,0.88,95.5
25,460,9,1.16,24
125.2,220,9,0.82,118.2
193.6,760,9,0.81,160.6
185.4,175,9,0.77,159.7
150.2,295,9,0.91,120.9
150.4,410,3,0.84,121.3
145.2,590,5,0.74,123
175.3,15,9,0.25,129
175.3,560,9,0.72,159.4
155.3,625,9,0.79,121.3
185.3,645,5,0.73,160.5
100.2,40,7,0.32,99.5
145.2,795,5,0.72,123.1
140.2,570,5,0.76,121.5
40,535,5,1.21,39.4
105.1,750,3,0.81,97.6
130.2,575,7,0.84,118.9
125.2,375,9,0.87,117.2
135.2,765,3,0.79,121.8
110.2,415,5,0.89,94.5
199,280,5,0.79,157.8
55.1,330,9,1.3,52.3
140,355,9,0.78,122
40,770,7,1.22,39.7
50.1,355,5,1.29,46.9
75.1,515,9,1.05,69.1
25,25,3,0.55,25
75.1,270,9,1.06,69.5
165.1,440,5,0.68,157.1
55.1,385,7,1.31,52.5
125.2,385,9,0.83,118.3
130.2,255,5,0.81,119.4
160.3,170,9,0.69,155.6
60.1,440,9,1.35,58
30,425,3,1.17,28.3
20,710,9,1.13,19.3
170.2,680,5,0.69,154.8
165.3,15,3,0.15,123.8
140.2,425,5,0.77,121.4
55.1,670,3,1.25,53.6
130.4,20,5,0.16,129.3
50.1,345,7,1.29,46.8
80,30,5,0.3,69
170.6,135,5,0.68,162.1
80.1,470,9,0.94,69.6
180.6,480,3,0.65,161.7
125.1,110,3,0.7,100.4
185.4,600,9,0.73,160.6
25,235,3,1.16,24
70.1,410,9,1.14,61.2
40,285,5,1.21,37.1
140,165,3,0.8,122.5
15,330,5,1.09,14.8
105.1,410,9,0.82,97.6
15,495,7,1.1,14.7
80.2,350,3,0.94,69.9
10,165,7,1.08,9.8
15,160,9,1.13,14.7
110.3,130,5,0.91,97.2
30,30,3,0.56,28.5
175.2,465,9,0.68,159.7
139.6,180,7,0.83,121.8
95.2,535,3,0.85,81.2
190.4,145,3,0.75,158.4
15,340,3,1.1,14.7
30,240,3,1.18,28.3
185.3,430,5,0.73,161
110.3,540,3,0.89,96.5
65.1,525,5,1.27,60
175.3,590,9,0.69,159.9
140.2,440,9,0.78,121.2
150.2,715,3,0.84,119
175.3,100,3,0.53,170
180.6,210,5,0.78,152.5
65.1,430,3,1.3,60.8
195.3,595,9,0.84,156.4
25,350,3,1.16,24.1
70.1,730,9,1.14,61.2
50.1,225,5,1.28,47.4
164.7,155,7,0.66,160.4
105.2,100,7,0.71,103.4
95.1,50,9,0.39,94.2
160.3,125,3,0.69,155.5
120.2,480,5,0.84,96.1
65.1,205,7,1.29,60.6
65.1,580,7,1.27,60.8
165.3,650,9,0.67,161.4
125.2,650,9,0.85,117.8
90.1,575,7,0.9,79.5
30,210,9,1.17,29.8
180.3,770,3,0.66,164.3
140.4,480,3,0.79,122
30,115,7,1.17,29.9
135.4,20,5,0.16,134.5
125.2,550,5,0.84,118.9
170.3,250,9,0.72,157.4
95.2,420,3,0.83,81
90.1,795,3,0.89,79.6
80.2,475,3,0.97,70.1
190.4,685,9,0.79,160.6
185.4,445,5,0.74,160.8
120.3,380,3,0.83,98.7
155.2,345,9,0.85,120.8
200,15,7,1.16,139.8
105.3,15,7,0.15,87
85.1,665,3,0.89,81.4
194.9,690,5,0.79,156.8
150.2,255,7,0.82,120.2
189.1,315,3,0.75,161
65.1,600,3,1.29,60.7
135.2,310,9,0.84,120.8
150.2,360,5,0.85,120.1
110.2,775,7,0.9,94.9
45.1,200,7,1.28,42.8
145.1,260,7,0.74,122.4
130.2,200,7,0.85,119.7
145.3,160,9,0.78,122.3
110.2,765,3,0.88,97.5
80.1,425,9,0.93,70.1
198,470,3,0.73,159.3
85.2,650,3,0.95,79.8
25,525,3,1.15,24.1
160.1,450,7,0.74,122.9
75.1,130,7,1.04,69.4
155.2,75,7,0.47,119.2
145.4,175,5,0.76,121.8
105.1,640,9,0.81,98.8
165.2,775,9,0.69,158
170.3,780,3,0.68,161.3
180.3,520,5,0.66,163.6
125.2,695,9,0.83,118.7
45.1,265,9,1.27,42.7
90.1,180,3,0.91,79.8
145.5,170,5,0.83,119.4
175.3,505,7,0.61,160.6
65.1,145,3,1.29,61.1
155.2,140,3,0.78,122.3
80.1,665,3,0.95,70.1
85.1,695,9,0.97,79.6
175.3,680,7,0.63,160.2
130.3,200,3,0.84,119.6
70.1,555,7,1.14,61.5
185.6,555,3,0.74,159.9
95.1,545,5,0.82,80.1
110.3,255,3,0.89,94.6
75.1,395,5,1.05,70.1
30,590,7,1.18,29.9
50.1,670,9,1.3,46.9
55.1,285,9,1.3,53
160.2,505,5,0.73,122.6
120.3,25,5,0.18,119.5
65.1,90,5,0.89,57.9
85.2,255,3,0.89,81.4
50.1,240,9,1.28,47.4
120.2,570,7,0.85,97.3
100.1,450,3,0.8,96.8
80.1,495,3,0.92,69.2
130.2,745,3,0.82,120.3
190.5,520,5,0.74,160.9
130.4,135,5,0.83,119.8
193.2,790,9,0.87,154.8
70.1,650,9,1.13,61.3
90.1,385,9,0.91,81.1
194.7,285,5,0.76,156.9
190.4,665,7,0.74,158.4
120.1,145,7,0.85,98.8
15,240,7,1.12,14.7
115.2,255,9,0.85,95.2
175.3,385,7,0.69,164
90.1,610,7,0.91,79.3
100.2,705,3,0.78,97.4
40,645,5,1.21,39.7
45.1,190,7,1.26,43
190.4,90,9,0.52,138
145.2,640,9,0.89,119.7
155.3,105,3,0.67,121.8
140.3,40,7,0.26,138.4
15,390,7,1.1,14.7
170.3,75,9,0.47,128.2
100.1,155,7,0.82,95.6
30,575,3,1.16,29.9
45.1,90,5,1.18,41.4
120.3,155,5,0.84,97
185.7,315,3,0.7,159.5
85.1,370,9,0.97,79.4
190.3,45,3,0.27,136.8
125.2,65,7,0.46,100.5
90.1,665,5,0.9,80.6
130.2,50,7,0.33,128.3
15,770,5,1.13,14.6
185.7,15,5,1.15,133.4
200.1,325,3,0.74,160.4
90.1,455,7,0.9,79.9
120.2,460,7,0.85,114.8
120.4,325,3,0.82,98
40,525,3,1.21,39.7
45.1,210,9,1.26,42.9
95.2,90,5,0.68,79.6
164.9,630,5,0.68,122.5
50.1,180,3,1.27,47.5
145.5,350,3,0.73,123.3
35.1,105,5,1.19,34.2
185.3,785,5,0.76,159.8
50.1,770,5,1.28,47.9
95.1,165,3,0.84,80.7
140.4,140,5,0.77,121.9
198.3,530,3,0.73,159
160.3,75,3,0.47,122.6
135.2,275,5,0.81,122.2
135.2,210,7,0.86,119.4
145.2,410,7,0.77,122.4
185.4,480,9,0.82,157.1
65.1,705,3,1.27,60.9
140.4,185,3,0.8,121.4
198.1,315,3,0.77,159.7
10,640,7,1.1,9.9
125.2,630,7,0.82,117.9
140.4,10,7,0.13,139
30,800,9,1.17,29.7
200.3,755,7,0.82,155.2
70.1,195,9,1.14,61.4
125.2,175,7,0.81,119.2
30,100,3,1.16,28.3
25,270,5,1.16,24.1
95.1,75,3,0.6,80.7
160.1,110,7,0.62,121.5
165.3,775,3,0.65,122.8
150.2,240,5,0.82,120.5
85.1,330,7,0.95,79.7
50.1,290,7,1.29,47.2
85.1,640,7,0.97,79.4
110.2,505,7,0.9,94.7
50.1,665,3,1.28,48
145.3,460,3,0.72,123.1
105.1,340,9,0.82,96.1
80.2,85,5,0.78,71.6
80.1,25,9,0.22,79.8
30,475,7,1.17,29.8
150.2,580,9,0.87,119.3
50.1,570,7,1.28,47.3
95.1,725,9,0.86,81.2
170.4,20,7,1.52,148.9
10,325,5,1.09,9.9
110.2,120,9,0.88,90.7
90.1,725,7,0.9,79.6
130.4,620,3,0.85,119.4
75.1,645,3,1.06,69.4
190.7,580,3,0.74,161
75.1,310,5,1.03,69.8
139.9,610,5,0.78,121.8
110.1,90,3,0.63,89.6
25,205,9,1.16,24
100.2,360,9,0.83,94.5
30,450,5,1.16,29.9
95.1,520,7,0.83,80
45.1,350,9,1.25,43.3
135.2,505,9,0.81,120.5
185.3,395,5,0.75,159.6
165.3,795,7,0.69,159.2
75.1,430,9,1.07,70.2
170.2,445,5,0.68,161.6
185.3,350,7,0.76,160.2
95.1,140,3,0.85,81.2
150.5,475,3,0.85,120.2
75.1,405,5,1.04,69.3
85.1,100,9,0.81,83.9
80.1,680,9,0.92,68.8
65.1,65,3,0.66,58.4
50.1,490,5,1.28,47.4
50.1,480,7,1.3,47
165.3,100,7,0.55,160.8
180.4,320,3,0.74,156.3
155,65,3,0.42,118.9
105.2,140,5,0.82,97.7
60.1,135,5,1.34,58
190.3,425,5,0.72,161.2
120.1,180,5,0.82,96.6
150.2,145,7,0.89,120.1
30,645,3,1.17,28.3
15,560,3,1.12,14.7
80.1,600,7,0.92,69
75.1,780,9,1.06,69.7
55.1,395,5,1.31,52.8
30,610,3,1.17,28.3
80.1,230,9,0.91,69
185.3,695,5,0.75,160.2
180.2,295,7,0.67,161.8
145.2,55,9,0.36,112
105.2,650,7,0.81,97.4
130.2,305,9,0.85,119.4
125.2,260,5,0.85,118
40,470,5,1.21,39.5
90.1,530,7,0.9,80.5
194.9,565,3,0.73,159.2
160.3,150,9,0.73,119.9
150.2,615,5,0.85,119.4
65.1,785,5,1.29,60.9
120.1,700,5,0.82,97.1
45.1,80,7,1.07,42.6
35,240,9,1.21,34
85.1,340,7,0.88,81.6
110.2,450,5,0.89,96.8
198.9,85,7,0.67,146.6
75.1,190,5,1.06,69.4
135.2,790,3,0.79,121.6
70.1,490,9,1.12,61.5
100.2,270,5,0.83,96
60.1,700,5,1.28,59.5
55.1,180,7,1.33,51.7
115.2,625,9,0.87,96.5
80.1,645,3,0.94,70
85.1,760,5,0.95,80
160.3,385,5,0.68,120.4
160,340,9,0.8,122.9
105.3,540,3,0.81,97.8
130.2,585,9,0.87,118.8
15,515,3,1.13,14.7
25,515,5,1.15,24.1
125.2,450,9,0.79,120.8
194.6,185,5,0.79,158.1
139.7,200,3,0.78,122.7
115.2,525,5,0.85,94.8
30,70,9,1.17,29.8
120.1,790,5,0.8,96.9
164.9,460,3,0.66,159.3
155.3,530,7,0.78,122.5
45.1,510,3,1.26,43.1
130.2,40,5,0.27,128.7
165.3,670,5,0.66,159.9
75.1,170,5,1.03,68.7
105.2,440,3,0.81,97.7
85.1,495,5,0.94,79.2
15,750,9,1.12,14.7
169.7,315,3,0.65,162.5
20,60,9,1.13,19.2
159.9,735,9,0.75,122.7
30,355,3,1.18,29.9
60.1,65,5,0.71,54.4
40,655,5,1.21,39.6
199.5,375,3,0.75,158.2
169.7,165,5,0.67,162.2
45.1,735,3,1.25,42.8
194.3,160,9,0.76,158.4
60.1,790,3,1.28,53.3
145.5,515,3,0.77,123.4
200.3,520,5,0.75,158.9
145.3,760,5,0.8,122.6
30,35,9,0.68,28.8
130.2,470,9,0.85,118
30,795,3,1.17,29.8
110.3,90,5,0.64,89.3
155.3,390,7,0.76,122.7
195,615,3,0.73,160.3
135.2,360,5,0.82,121.2
145.5,215,5,0.84,119.8
175.3,285,7,0.69,161.4
20,130,9,1.13,19.2
85.1,715,5,0.95,79.5
159.7,585,9,0.76,122.2
90.1,245,5,0.91,81.1
175.4,770,7,0.69,163.5
194.7,630,5,0.76,158
196.5,160,7,0.83,158.5
175.3,235,9,0.69,160.6
175.3,400,9,0.69,160.7
85.1,510,9,0.95,79.5
169.3,590,5,0.68,161.7
55,140,5,1.29,52.9
180.2,785,3,0.64,164.2
150.2,225,9,0.89,121.7
170,540,3,0.68,162.5
45,535,3,1.26,43.4
15,75,5,1.12,14.7
155.5,410,3,0.76,121.6
105.1,225,5,0.91,93.4
135.4,145,5,0.81,120.7
40,735,5,1.24,39.6
189.8,175,5,0.77,155.5
75.1,485,9,1.05,69
160.2,435,5,0.73,123.4
125.4,475,3,0.81,119.9
25,365,7,1.16,24
90.2,285,3,0.9,80.2
197.9,145,7,0.84,158.1
140.3,630,7,0.77,121.2
145.1,380,7,0.77,122.6
30,65,3,1.17,29.8
190,190,5,0.76,156.2
50.1,745,3,1.26,47.5
40,240,5,1.2,39.8
50.1,700,3,1.28,47.5
135.2,400,7,0.8,122.2
105.2,85,3,0.66,90
160.3,775,3,0.71,123.3
130.4,85,5,0.65,105.9
110.2,725,3,0.89,93.9
194.1,325,9,0.82,155.2
194.6,475,5,0.75,156.9
85.2,310,3,0.92,81.3
155.3,40,3,0.24,153.1
65.1,260,5,1.29,60.2
55.1,520,3,1.31,53
95.1,200,9,0.86,80.2
180.6,285,3,0.68,164.3
185.7,190,5,0.77,156.8
140.2,255,7,0.79,120
40,750,9,1.23,39.5
75.1,340,7,1.04,69.1
20,565,3,1.14,19.2
95.1,755,7,0.83,79.8
180.3,105,7,0.67,135.4
120.1,570,3,0.8,96.1
70.1,395,5,1.16,61.5
40,605,5,1.2,37
90.1,105,3,0.84,78.7
140.3,705,3,0.81,122.1
40,515,5,1.21,39.6
80.1,350,7,0.93,69
55.1,65,7,0.74,50.3
135.4,190,5,0.81,120.1
90.1,510,5,0.92,81.2
30,160,5,1.18,29.8
44.8,570,7,1.26,43.1
115.2,480,7,0.89,95.6
150.2,90,9,0.56,114.3
60.1,250,5,1.28,59.1
15,550,5,1.09,14.7
125.4,155,5,0.84,121.2
145.4,745,5,0.79,123.2
200.4,70,9,0.43,143.3
160.2,70,3,0.43,120.5
105.1,595,9,0.81,96.1
155.2,405,5,0.73,121.9
15,55,9,1.12,14.6
120.2,45,3,0.31,96.7
145.3,610,7,0.74,122.8
190.1,730,7,0.77,156.5
115.2,660,5,0.84,97.1
200.4,25,9,0.29,195.5
40,10,9,0.15,40
95.1,625,9,0.84,80.4
175.3,270,9,0.67,162.6
105.2,275,5,0.91,93.8
189.9,430,9,0.77,159.6
35.1,295,3,1.19,34.2
55.1,625,5,1.27,53.1
25,215,7,1.17,24
80.2,10,7,0.11,79.9
175.7,415,3,0.65,161.6
55.1,40,3,0.44,54.8
160.3,650,7,0.72,122.4
35,110,9,1.21,34.1
45.1,160,3,1.26,43
20,685,7,1.13,19.3
180.3,445,3,0.65,163.8
60.1,115,9,1.23,56.7
15,205,7,1.12,14.6
80.1,720,3,0.93,69.8
170.4,775,5,0.89,158.9
15,785,9,1.11,14.7
45.1,50,9,0.65,44.8
95.1,415,7,0.85,80.7
45.1,220,7,1.26,42.9
25,385,3,1.16,24.1
130.3,625,3,0.84,119.5
125.2,735,3,0.83,118.9
100.2,215,3,0.82,96.3
70.1,110,5,1.01,61.3
168.8,550,5,0.71,162.1
120.1,550,5,0.85,96.4
155.3,785,7,0.75,122.3
15,795,7,1.11,14.7
75.1,625,5,1.04,69.7
50.1,205,7,1.28,47.9
110.1,655,5,0.91,94.7
190.3,130,3,0.69,161.2
165.5,540,3,0.73,159.2
190.6,595,3,0.72,159.2
140.2,550,7,0.76,121.5
195.3,85,9,0.57,142.1
130.2,670,3,0.81,119.9
165.7,295,3,0.65,159
90.1,320,9,0.91,80.3
190.7,280,3,0.77,157.7
140.1,660,3,0.77,122.5
195,275,5,0.78,157.9
100.1,755,5,0.84,95.4
135.2,115,9,0.83,110.1
198.4,710,9,0.85,157.3
120.3,200,5,0.85,97.5
169.6,755,5,0.73,162.7
35,455,3,1.18,34.5
170.3,400,5,0.67,157.4
115.2,750,5,0.88,97.4
194.7,215,5,0.76,156.6
65.1,565,3,1.28,60.9
185.3,300,9,0.76,158.3
145,230,5,0.73,122.2
175.3,550,7,0.77,155.1
140.1,795,7,0.79,121.2
175.6,70,5,0.45,129
185.3,140,9,0.78,155.6
25,135,9,1.16,24
130.4,355,3,0.83,119.1
160.2,145,3,0.71,123.4
150.2,595,9,0.86,120.7
145.3,105,3,0.67,114.7
50.1,270,7,1.28,47.3
65.1,505,9,1.29,60.9
135.2,530,5,0.78,121.2
10,35,5,1.08,9.8
180.2,700,3,0.67,164.5
150.2,500,7,0.83,119.5
115.2,730,7,0.86,94.5
160.5,475,3,0.72,122.4
30,380,5,1.17,29.9
50,175,5,1.26,47.9
135.1,230,9,0.8,121.6
85.2,490,3,0.95,79.5
115.3,625,3,0.86,95.6
160.3,220,5,0.76,123.2
55.1,455,7,1.34,52.2
65.1,330,7,1.28,60.9
120.2,715,3,0.83,96.2
120.3,80,5,0.58,98.3
85.1,235,5,0.93,80
170.3,150,3,0.68,162.2
115.3,580,3,0.86,96.7
190.1,80,7,0.5,140.3
120.3,455,3,0.82,97.6
130.1,705,5,0.81,119.7
194.8,400,7,0.76,159.1
155.5,270,3,0.77,121.9
40.1,480,3,1.2,37.1
130.2,685,9,0.87,118.4
135.2,755,5,0.84,121.3
60.1,195,7,1.29,53.9
95.2,460,3,0.84,80
50.1,130,9,1.29,46.7
95.1,150,9,0.87,81.2
70.1,135,7,1.15,61.6
190.1,335,3,0.71,160.9
190.4,620,5,0.76,156.3
50.1,680,7,1.27,47.3
80.1,610,9,0.91,68.9
30,545,9,1.17,29.9
85.1,395,7,0.95,79
80.1,545,9,0.94,69.2
40,340,9,1.22,39.7
200,195,3,0.77,157
45.1,520,5,1.24,43.5
95.1,20,3,0.17,94.5
10,775,3,1.08,9.9
20,740,5,1.13,19.3
155.3,370,9,0.76,118.8
185.2,80,9,0.53,137.4
10,475,3,1.09,9.9
115.3,370,3,0.87,98
85.1,440,5,0.96,79.2
20,455,9,1.13,19.2
194.6,595,7,0.74,158.5
200.4,780,5,0.8,158.3
35,600,5,1.2,34.2
35,760,3,1.18,34.5
193.6,395,9,0.8,154.9
194.5,235,7,0.77,160.8
50.1,195,9,1.28,47.2
134.7,575,7,0.78,121.6
90.1,220,9,0.91,79.9
85.1,525,3,0.97,79.7
55.1,605,9,1.34,51.4
175.3,705,3,0.65,160.8
150.2,440,5,0.89,120.7
105.1,445,7,0.8,95.9
165,565,3,0.67,159.7
25,795,9,1.16,24
30,195,5,1.18,29.8
75.1,180,3,1.06,69.6
180.4,500,3,0.65,164.1
165.3,165,3,0.68,123.4
165.3,720,5,0.69,123.6
170.3,465,7,0.67,162.4
180.6,550,3,0.67,163.1
159.9,285,9,0.8,122.9
35,480,7,1.21,33.8
40.1,430,3,1.21,37
75.2,165,5,1.05,69
170.3,495,5,0.66,160.9
40,325,3,1.23,39.7
120.2,680,9,0.84,97.7
80.1,115,9,1.03,72.9
145.2,750,5,0.76,123.2
85.1,80,3,0.69,74.3
190.4,360,7,0.73,161
25,770,7,1.16,24.1
40.1,200,3,1.2,37.1
120.1,455,9,0.82,96
130.2,630,9,0.85,119
100.1,275,9,0.83,94.7
130.2,450,5,0.82,120
60.1,45,7,0.5,53.7
130.2,80,9,0.59,104.2
175.3,60,7,0.42,129.8
135.2,50,7,0.33,133.5
55.1,500,7,1.31,52.2
80.1,75,5,0.66,70.1
95.2,300,3,0.86,81.4
90.1,425,9,0.9,79.9
190.3,465,3,0.74,155.6
115.3,105,5,0.77,96.2
165.2,220,9,0.68,158
150.2,470,7,0.82,120.6
15,250,7,1.11,14.7
30,520,5,1.16,28.4
35,350,7,1.2,34.1
145.3,515,7,0.74,122.8
110.2,470,9,0.91,95.3
120.1,10,3,0.1,119.1
140.2,405,5,0.78,121.3
65.1,275,9,1.31,60.4
65.1,765,9,1.3,60.7
155.3,680,7,0.73,120.5
150.1,55,3,0.35,115.5
85.1,385,5,0.94,80.3
45.1,665,9,1.25,43.4
160.1,270,9,0.74,122
110.2,390,9,0.93,95.7
15,680,7,1.11,14.7
80.1,580,3,0.94,69.7
105.1,710,5,0.91,93
175.2,255,9,0.69,158.1
10,335,3,1.1,9.9
60.1,520,7,1.3,58.9
180.7,10,3,1.36,169.7
180.2,650,5,0.67,164.3
10,270,9,1.11,9.8
35,285,9,1.21,34
130.2,180,7,0.85,118.9
155.3,580,9,0.74,119.1
20,750,3,1.13,19.4
140,695,3,0.78,122.3
20,90,3,1.13,19.3
35,175,7,1.2,34
55.1,260,7,1.29,52.8
180.7,555,3,0.66,164.1
20,25,9,0.66,20
55.1,785,3,1.3,52.2
100.1,725,9,0.81,95.9
85.1,685,7,0.96,79.2
90.1,290,5,0.9,79.8
90.1,190,7,0.97,80
170.3,375,7,0.68,162.7
75.1,650,9,1.05,69.2
105.1,680,5,0.8,97.9
193.7,520,3,1.11,151.5
185.3,570,5,0.73,160.5
15,735,5,1.09,14.7
60.1,35,9,0.4,54.3
150.2,330,5,0.84,121.6
35,470,7,1.2,34.2
35,520,3,1.24,34.1
95.1,705,9,0.83,79.3
30,580,9,1.19,29.7
60.1,185,9,1.33,58.3
75.1,765,5,1.1,69.2
95.2,740,3,0.86,81.6
110.2,145,7,0.89,95.5
140.2,760,7,0.77,122.7
190.8,125,5,0.64,184
100.2,400,3,0.8,96.8
115.2,160,7,0.84,96.5
75.1,535,7,1.05,69.4
193.8,770,5,0.78,160.5
130.2,390,9,0.88,119.6
100.1,620,5,0.79,97.5
195.5,580,3,0.77,156.3
15,425,7,1.11,14.6
125.2,90,9,0.58,98.9
140.4,50,5,0.34,138.4
180.5,415,3,0.65,163.6
70.1,405,3,1.12,61.2
195.3,235,9,0.75,157
170.3,290,9,0.71,158.8
160.3,420,7,0.71,121.3
125.2,605,9,0.84,118.5
80.1,515,5,0.93,69.5
135.4,95,5,0.66,108.5
185.3,440,9,0.78,154
60.1,690,7,1.3,58.7
180,315,9,0.69,164.1
115.3,415,3,0.86,95.8
179.9,290,5,0.67,164.6
120.2,55,3,0.38,96.4
15,575,7,1.12,14.6
70.1,30,7,0.31,61.9
20,530,3,1.13,19.4
120.2,100,9,0.66,117.8
40,595,5,1.18,37
115.2,395,7,0.86,95.8
80.1,275,7,0.93,69.2
20,325,7,1.13,19.3
175.3,660,7,0.67,160.8
90.1,255,9,0.91,79.7
140.1,550,9,0.81,121.1
155.3,510,9,0.81,121.5
35,205,5,1.21,34.2
115.2,115,5,0.85,98.1
150.5,185,5,0.8,120.5
20,450,3,1.13,19.2
60.1,555,9,1.35,57.6
75.1,690,7,1.04,69.3
130.2,600,5,0.83,119.3
197.7,655,7,0.75,160.2
135.2,495,7,0.8,120.6
100.1,40,9,0.3,99.4
20,45,5,1.14,19.2
199.6,340,7,0.78,159.4
35,415,7,1.19,34.2
10,510,3,1.09,9.8
145.2,560,7,0.85,119.4
120.2,530,7,0.79,96.7
90.1,565,5,0.89,79.2
169.3,785,3,0.67,163.1
65.1,45,7,0.47,57.7
60.1,565,7,1.3,58.8
20,20,3,0.53,20
75.2,85,5,0.81,68
179.9,60,7,0.42,132.8
145.1,710,7,0.78,122.5
100.1,710,9,0.82,95.4
55.1,445,9,1.3,52.8
40,725,7,1.2,39.7
150.3,270,7,0.85,118.9
55.1,545,7,1.33,51.7
120.2,255,7,0.83,97.4
175.3,755,7,0.68,163.5
35,305,7,1.18,34.5
110.2,400,9,0.88,96.7
100.1,320,7,0.78,97.4
20,640,9,1.13,19.3
165.3,85,3,0.56,128.8
199.4,300,3,0.71,159.9
110.3,425,3,0.87,96.7
100.1,795,3,0.78,97.6
75.1,240,5,1.04,69.4
130.2,510,5,0.84,119.6
145.2,105,7,0.69,113.6
135.2,300,5,0.81,120.1
169.8,300,3,0.66,162.3
15,30,7,1.06,14.7
40,295,5,1.2,39.8
135.2,575,5,0.82,121.3
120.2,400,9,0.87,113.9
193,615,7,0.78,160.4
144.7,120,3,0.74,113.2
50.1,40,9,0.49,49.9
185.3,250,9,0.77,160.5
170,730,9,0.72,162.7
20,465,7,1.13,19.2
20,200,9,1.13,19.2
194.4,310,5,0.77,159
200,505,9,0.81,156
145.2,535,7,0.75,123.4
100.2,635,5,0.79,97.2
110.3,15,5,0.15,90.3
90.1,170,3,0.9,80.5
145.3,655,7,0.85,120.1
199.6,480,5,0.73,158.6
100.1,300,5,0.8,96.6
125.2,120,3,0.79,102
50.1,750,9,1.3,47.1
20,175,7,1.13,19.3
110.2,355,9,0.89,94.2
90.1,540,9,0.9,79.8
145.3,375,9,0.82,122.9
45,770,5,1.26,43.5
130.2,60,9,0.46,104.6
55.1,240,9,1.32,51.6
45.1,440,7,1.26,43.1
30,555,7,1.16,28.2
180,630,5,0.67,164.6
35,650,9,1.21,34
195.6,125,5,0.66,188
105.1,40,3,0.29,104.3
110.2,660,5,0.88,95.9
25,735,7,1.15,24
50.1,470,9,1.28,47.5
185.7,610,3,0.74,160.3
140.2,540,7,0.77,120.4
40,330,9,1.21,37.1
120.1,430,5,0.83,96.7
55.1,315,5,1.3,52.1
180.3,545,7,0.76,153.8
140,410,9,0.8,121.5
165.6,25,5,0.17,163.9
105.2,155,5,0.82,97.6
140,240,5,0.78,121.8
125.2,640,9,0.85,117
198.5,155,7,0.83,156.7
170.3,645,7,0.7,160.9
190,650,7,0.77,156.6
185.3,125,9,0.67,178.5
135.2,745,7,0.82,120.2
45.1,760,7,1.25,43.3
105.2,795,5,0.79,98
25,745,5,1.16,24.1
65.1,250,7,1.29,60.4
185.4,40,3,0.22,182.6
160.2,710,9,0.77,121.2
65.1,775,7,1.27,60.6
169.8,725,9,0.69,160.3
100.1,655,5,0.81,96.4
40,260,9,1.24,39.1
150.2,410,9,0.86,121.2
115.1,715,9,0.86,94.1
35,40,5,0.65,34.9
80.1,395,9,0.93,69.3
75.1,320,5,1.02,69.4
130.1,70,7,0.48,102.9
115.2,710,7,0.88,95.9
105.1,95,7,0.73,88.7
100.3,785,5,0.87,95.4
150.3,625,7,0.88,120.8
95.1,315,5,0.83,80.8
165.6,340,3,0.68,124
50.1,515,9,1.29,47.1
150.5,580,3,0.81,121.1
85.1,740,9,0.96,79.3
189.9,115,3,0.68,143.2
140.3,510,9,0.78,120.7
150.2,680,9,0.79,117.9
90.1,365,5,0.89,79.6
145.2,35,7,0.27,112.7
90.1,150,3,0.9,79.9
175.6,220,3,0.65,163.1
180.2,535,7,0.67,163.9
170.2,45,5,0.29,125.9
50.1,35,3,0.45,46.1
75.1,565,7,1.05,69.5
60.1,510,9,1.31,58.3
185.3,35,9,0.27,135.7
10,590,3,1.09,9.9
185.3,210,9,0.78,157.2
120.1,345,7,0.83,116.7
130.2,435,9,0.87,119.2
40,675,7,1.2,39.8
115.2,760,5,0.87,98.1
155.3,200,7,0.88,120.1
95.2,170,5,0.85,81.4
165.2,280,9,0.72,122.7
25,65,9,1.15,24
70.1,320,7,1.12,61.5
130.2,655,9,0.86,119.5
35,580,9,1.21,34
75.1,440,7,1.05,69
194.2,750,3,0.77,156.8
45.1,655,7,1.24,43.3
30,705,5,1.16,29.9
105.1,505,9,0.8,97.9
155.3,425,9,0.82,121.1
115.2,550,5,0.89,96.5
135.2,795,9,0.82,120.8
65.1,635,3,1.28,60.9
25,610,9,1.16,24
105.2,520,7,0.8,96.4
75.1,420,9,1.05,69.7
40,210,5,1.23,39.3
85.1,40,3,0.32,84.6
200.4,55,3,0.35,142.9
165.3,355,5,0.65,123.5
125.2,20,3,0.14,124.3
120.2,545,7,0.86,98.3
100.1,550,9,0.84,96.1
95.1,380,7,0.84,81.2
20,370,5,1.13,19.3
45.1,70,9,0.92,41.8
135.4,215,3,0.8,121.5
75.1,360,3,1.06,69.8
185.6,635,3,0.74,158.8
174.4,765,5,0.81,162
175.3,460,9,0.68,161
159.5,160,5,0.73,122.8
15,85,3,1.08,14.7
65.1,285,7,1.29,60.8
15,410,3,1.12,14.6
80.1,155,9,0.94,69.4
70.1,420,7,1.12,61.6
135.2,345,7,0.81,120.5
120.2,85,7,0.67,99.4
95.1,765,9,0.86,79.9
90.2,510,3,0.91,79.9
15,380,9,1.11,14.7
105.3,415,3,0.9,94.9
175.3,340,9,0.68,162.9
175.3,75,3,0.45,129.9
65.1,225,3,1.27,60.7
194.9,330,7,0.77,159.2
30,500,9,1.17,29.8
100.1,90,3,0.66,83
140.2,485,7,0.78,121.1
175.3,170,7,0.71,156.3
115.3,230,3,0.85,97.4
200.4,275,9,0.9,155.5
65.1,515,7,1.29,60.2
70.1,705,5,1.13,61.5
35,55,9,0.9,32.9
160.3,535,7,0.71,121.8
199.4,515,9,0.83,157.4
135.2,430,9,0.82,121
130.2,765,3,0.81,118.5
60.1,425,5,1.29,58.8
95.2,605,3,0.83,80.7
90.1,585,9,0.91,79.7
65.1,750,3,1.29,60.8
80.1,560,5,0.93,69.9
185.7,250,3,0.73,160.3
120.2,420,5,0.82,115.4
160.3,100,3,0.56,155.9
155.3,495,7,0.71,120.2
135.3,335,3,0.78,121.4
45.1,60,9,0.82,42.5
15,540,7,1.11,14.7
15,295,5,1.09,14.7
135.2,135,3,0.79,122.4
85.1,265,9,0.97,79.1
130.2,705,9,0.83,120.2
160.3,565,3,0.69,121.9
155.2,45,9,0.29,117.9
120.2,385,9,0.8,95.6
25,110,7,1.16,24
95.1,685,7,0.87,80.8
60.1,380,7,1.34,58.1
135.2,335,7,0.82,121.5
180.3,715,7,0.76,157.2
45.1,530,7,1.25,42.8
105.2,210,7,0.85,97.2
155.3,595,7,0.72,120.6
125.2,505,7,0.82,116.9
180.5,235,3,0.67,164.5
55.1,200,3,1.28,53.1
155.3,320,5,0.75,122.7
150.2,530,9,0.89,119.7
130.2,345,5,0.81,120.1
188.4,215,7,0.81,157.6
175.1,355,9,0.68,160.8
105.2,755,9,0.8,97.6
90.2,30,7,0.28,76.3
175.3,740,7,0.68,161.1
100.2,685,9,0.82,97
198.8,580,7,0.76,159.5
50.1,325,9,1.29,47.1
10,480,9,1.1,10
90.1,800,9,0.89,79.3
70.1,750,5,1.13,61.5
70.1,660,7,1.12,61.3
125.2,790,9,0.81,119.9
180.6,625,3,0.67,164.4
135.2,540,5,0.78,119.9
55.1,440,3,1.28,53.6
184.8,35,3,0.23,135.4
85.1,310,5,0.95,79.6
190.7,210,5,0.74,160
55.1,705,3,1.29,52.5
30,220,7,1.16,28.3
169.6,535,5,0.67,160.8
125.3,415,3,0.81,119.6
95.1,745,7,0.87,80.3
200.1,640,7,0.79,158.3
110.2,495,5,0.86,96.7
120.2,280,7,0.83,96.2
15,705,9,1.11,14.7
170,210,7,0.7,162.4
135.2,515,9,0.83,121.1
100.1,410,7,0.81,97.3
125.2,515,9,0.84,117.7
25,200,3,1.17,23.9
115.3,145,5,0.86,96.1
95.2,140,5,0.85,80.7
125.3,650,3,0.79,121.7
70.1,270,3,1.15,61.6
120.1,520,7,0.81,97.6
130.4,230,3,0.84,119.3
10,95,7,1.08,9.9
100.2,755,3,0.81,97.5
115.2,595,5,0.84,97.8
60.1,505,3,1.26,54.4
140.4,315,3,0.76,122
20,335,5,1.13,19.3
45.1,230,5,1.24,43.4
35,50,3,0.8,34.9
145.2,150,7,0.75,123.2
115.2,675,5,0.88,95.7
15,485,9,1.12,14.7
165.3,240,5,0.65,159.1
115.2,740,5,0.87,96
100.1,465,7,0.79,97.6
30,10,7,0.2,30
175.3,650,3,0.68,161.5
30,750,5,1.19,29.7
85.1,505,3,0.86,81.9
150.3,555,9,0.87,119.9
30,55,5,1.03,28.5
55.1,170,9,1.3,52.5
160.3,750,9,0.73,120.5
169.4,730,5,0.66,163.1
45.1,180,7,1.27,42.8
105.2,325,7,0.8,97.2
35,610,3,1.19,34.4
175.3,605,5,0.67,161.1
45.1,340,9,1.3,42.3
20,235,9,1.13,19.3
159.6,655,3,0.75,123.1
10,430,5,1.08,9.9
85.1,275,9,0.9,81.1
20,545,7,1.13,19.3
193.9,780,3,0.76,158.5
45.1,385,9,1.27,42.9
165.2,140,9,0.65,123.9
169.9,145,3,0.68,162.7
45.1,625,9,1.24,43.4
185.4,350,5,0.75,157
145.2,780,3,0.84,119.9
199,395,9,0.81,157.4
90.1,705,9,0.9,81.5
50.1,190,3,1.28,47.7
55.1,305,5,1.29,52.5
15,155,3,1.1,14.7
130.2,415,5,0.83,119.6
100.1,495,9,0.83,95.7
100.1,635,9,0.8,97.6
135.1,560,7,0.8,119.3
30,720,9,1.17,28.5
196.5,795,9,0.85,160.1
45.1,315,5,1.24,43.3
125.2,525,7,0.82,118.3
85.1,320,5,0.87,81.8
100.2,670,5,0.8,96.1
145.5,25,7,0.18,144.1
160.5,235,3,0.67,122.5
190.4,285,7,0.75,160.7
40,75,3,1.09,37.7
35,590,7,1.18,34.5
15,365,5,1.08,14.7
160.2,335,3,0.69,121.8
185.7,145,5,0.74,158.9
197.9,565,9,0.81,156.9
75.1,470,5,1.04,69.6
195.4,765,9,0.9,161
70.1,450,3,1.12,61.7
189.9,750,5,0.77,161.1
150.3,515,5,0.82,119.6
90.1,345,5,0.91,80
145.1,570,9,0.71,122.9
139.7,735,5,0.82,122.1
195.3,785,7,0.77,157.7
20,95,9,1.13,19.3
105.3,370,3,0.8,98.8
169,760,5,0.7,162.1
25,250,9,1.16,24
150.5,765,5,0.85,119.7
70.1,625,7,1.13,61.2
140.1,365,9,0.79,122.5
110.2,620,9,0.89,95.4
100.1,695,5,0.82,95.4
130.2,755,3,0.84,120.1
185.4,525,5,0.71,158.6
197,435,9,0.88,159.3
90.1,675,7,0.9,80.3
15,285,7,1.1,14.7
165.3,30,7,0.23,123.6
198.5,775,3,0.7,160.1
65.1,70,9,0.71,58
190.3,265,5,0.76,157.7
140.3,595,3,0.8,121.7
140.2,275,5,0.78,121.7
188.9,760,5,0.99,159
60.1,180,3,1.32,58.3
70.1,635,5,1.12,61.5
185.4,775,3,0.74,160.2
90.1,230,9,0.91,79.3
40,635,5,1.2,36.9
85.1,155,7,0.95,80
25,445,5,1.15,24
194.5,630,9,0.82,160
25,425,9,1.16,24.1
135.2,260,9,0.86,119.9
25,375,5,1.15,24.1
60.1,160,7,1.29,59
65.1,650,7,1.28,60.3
95.1,390,9,0.86,80.5
195.4,120,5,0.68,142.8
55.1,600,3,1.28,52.7
115.2,790,7,0.86,97.2
185.3,380,5,0.77,159.9
170.3,225,7,0.67,162.6
65.1,470,9,1.28,60.7
70.1,375,7,1.13,61.4
115.3,495,3,0.85,98.1
110.2,795,7,0.91,95.4
70.1,685,9,1.16,61.6
180.6,185,3,0.76,162.8
45.1,380,3,1.23,43.9
130.2,245,5,0.84,118.8
80.1,285,9,0.96,69.6
30,650,9,1.18,29.7
175.3,530,7,0.68,162.5
40,350,9,1.22,39.7
55.1,100,7,1.1,54.6
150.2,545,5,0.85,121.8
193.5,345,3,0.72,156.9
25,180,7,1.16,24
130.2,115,9,0.83,108.5
10,225,9,1.08,9.8
30,565,5,1.16,28.5
165.3,460,9,0.67,122.8
100.2,230,3,0.78,97.9
35,65,9,1.06,33.3
55.1,675,9,1.31,53.1
120.1,755,7,0.86,97.5
80.1,710,5,0.91,69.5
90.3,605,3,0.9,78.9
195.1,680,7,0.72,157.1
160.3,730,7,0.71,121.9
150.2,665,7,0.85,120.9
135.2,735,7,0.8,121.4
180.3,345,7,0.68,164.1
35,530,3,1.21,34.1
135.2,685,5,0.8,121.5
20,10,5,0.27,20
35,85,5,1.21,33.9
45.1,570,5,1.26,42.7
45.1,140,3,1.24,43.6
75.2,490,3,1.03,69.2
10,420,7,1.08,9.9
65.1,455,5,1.28,60.6
125.2,330,5,0.82,118.9
45.1,295,5,1.25,43.1
40,120,9,1.19,36.9
169.8,455,3,0.65,162.2
50.1,455,5,1.27,47.6
100.2,150,7,0.81,96.1
180.6,90,5,0.5,131.9
110.3,290,3,0.89,95.9
105.1,295,7,0.81,98.9
180.2,30,7,0.27,131.9
45.1,590,5,1.24,43.2
15,450,9,1.1,14.7
150.2,565,5,0.86,121.8
95.1,640,5,0.83,80.8
165.2,375,5,0.66,159.1
65.1,640,9,1.3,60.5
169.1,485,5,0.67,163.3
150.3,775,3,0.79,120.9
25,170,9,1.16,24
20,615,7,1.13,19.4
150.5,80,5,0.56,116.9
85.2,690,3,0.95,79.8
10,395,5,1.09,9.9
20,230,3,1.16,20
195,400,9,0.8,155.7
120.2,120,3,0.81,98.5
45.1,550,7,1.23,43
95.1,695,9,0.84,80.9
125.2,420,5,0.8,121.3
25,240,9,1.15,24
160.3,710,7,0.73,156.1
60.1,55,7,0.59,53.7
130.1,140,7,0.85,119.2
180.6,335,3,0.67,164.4
180.3,530,9,0.67,163.9
180.3,575,5,0.76,157.5
194.6,690,9,0.86,155.9
175.2,135,3,0.64,163.5
70.1,20,9,0.2,69.9
175.3,450,9,0.7,161.6
105.1,250,5,0.8,96.5
120.2,145,9,0.84,97.9
130.2,565,5,0.83,118.9
70.1,465,7,1.12,61.7
60.1,470,3,1.28,53.7
120.1,590,5,0.81,98.3
190.3,635,5,0.76,159.2
115.2,470,5,0.84,97.5
95.1,735,7,0.82,79.7
195.7,245,3,0.75,157.4
150.2,425,5,0.81,120.5
40,395,7,1.22,39.6
110.3,665,3,0.89,97.1
180.3,555,9,0.67,163
120.3,115,5,0.85,101.1
10,45,3,1.08,10
175.3,185,3,0.75,162.5
145.2,135,9,0.77,123.4
60.1,675,3,1.27,53.4
105.2,30,9,0.25,86.9
105.1,165,7,0.81,97.1
40,555,3,1.22,36.9
155.2,710,7,0.77,121.5
190.6,90,5,0.51,135
110.2,575,5,0.91,95.7
110.2,565,3,0.89,96.2
110.2,325,5,0.88,96.9
130.2,675,9,0.87,119.2
70.1,475,5,1.11,61.4
145.5,415,3,0.87,119.6
40,445,7,1.21,39.4
115.2,235,7,0.84,94.7
135.4,365,3,0.8,122
170.2,120,7,0.74,127.3
190.3,540,7,0.75,161
100.2,15,9,0.15,83.5
175.3,205,5,0.69,162.1
75.1,150,7,1.05,69.4
20,440,5,1.13,19.4
105.1,775,9,0.92,95.2
35,705,5,1.19,34.2
105.1,655,9,0.81,97.3
45.1,645,7,1.23,43.6
35,715,3,1.21,33.9
155.6,595,3,0.79,122.3
140.2,460,5,0.74,120.5
30,205,3,1.17,28.3
85.1,145,3,0.89,81.3
15,110,5,1.12,14.6
75.1,745,9,1.06,69.4
95.1,105,7,0.85,82
60.1,220,9,1.33,58
105.2,495,7,0.91,93.5
135.1,90,9,0.56,106.2
165.3,495,5,0.67,161.6
80.1,765,7,0.93,68.9
170.2,235,5,0.67,161
115.2,640,5,0.85,97.1
100.2,305,3,0.81,96.9
75.1,660,9,1.05,69.3
30,265,7,1.18,29.9
135.2,285,7,0.82,121.1
75.1,480,3,1.05,69.1
180.2,600,9,0.69,164.3
65.1,305,5,1.27,60.5
85.2,400,3,0.96,79.7
110.2,265,7,0.9,95.7
185.6,260,3,0.73,157.2
20,600,3,1.13,19.2
110.3,50,5,0.37,109.2
169.4,490,3,0.65,162.5
165.3,45,3,0.28,123.3
85.1,675,5,0.89,81.5
105.2,405,7,0.8,96.6
105,755,7,0.81,95.9
70.2,440,3,1.15,61.7
140.3,750,3,0.76,121.5
110.2,425,7,0.9,95.3
185.3,325,9,0.78,159.8
145.2,730,3,0.7,122.7
115.4,360,3,0.87,97.5
165.3,315,5,0.67,124.1
45.1,250,5,1.25,43.1
30,345,5,1.16,28.3
55.1,55,7,0.63,49.7
175.5,760,5,0.64,163.2
50.1,160,5,1.26,48
125.2,705,7,0.84,117.7
180.3,735,3,0.68,160.5
105.1,65,9,0.51,87.1
45.1,415,3,1.23,43.7
155.3,300,9,0.81,121.2
95.2,385,3,0.83,81
10,515,9,1.08,9.9
70.1,795,7,1.12,61.3
90.2,240,3,0.92,80.2
150.2,400,5,0.83,121.3
15,170,7,1.1,14.7
75.1,775,3,1.03,69.2
125.3,365,3,0.82,117.3
75.1,545,7,1.08,69.3
70.1,520,3,1.14,61.3
10,765,5,1.11,9.9
145.2,290,9,0.78,122.9
30,495,3,1.17,28.3
20,660,5,1.13,19.4
110.2,30,3,0.23,90.2
30,695,7,1.18,29.8
135.2,695,5,0.78,121.3
55.1,775,5,1.32,52.8
40,385,5,1.19,39.7
169.6,285,3,0.65,162.6
85.1,650,9,0.98,79.7
65.1,500,3,1.29,60.7
40,200,5,1.23,39.5
155.3,725,7,0.73,121.2
199.8,35,7,0.53,140.4
155.2,530,9,0.76,121.6
90.1,600,5,0.91,80
50.1,445,7,1.29,47
110.2,160,3,0.89,95.8
10,120,9,1.08,9.9
80.2,250,3,0.95,69.6
155.1,410,7,0.75,119.9
145.3,730,7,0.75,122.8
169.2,440,3,0.67,162.5
155.3,460,9,0.76,120.4
200.3,80,5,0.58,144.6
165.3,65,9,0.42,124.1
10,140,5,1.11,9.8
125.2,355,5,0.83,116.6
75.1,55,3,0.5,65.4
90.1,445,5,0.89,80.2
70.1,50,3,0.46,69.6
90.1,60,7,0.54,77.8
115.2,560,7,0.86,98.5
115.2,220,7,0.85,95.7
170.1,570,5,0.67,162.9
180.3,415,7,0.67,159.6
115.2,490,9,0.88,96.7
120.2,590,7,0.83,96.9
110.3,165,5,0.87,96.7
180.2,240,5,0.69,164.5
200.2,335,5,0.77,159
140.2,145,9,0.79,120.2
110.2,555,5,0.88,96.6
40.1,670,3,1.22,39.7
145.2,605,7,0.83,119.1
120.2,770,3,0.81,97.3
100.1,430,9,0.81,95.4
45.1,395,7,1.26,43.1
60.1,655,5,1.33,58.1
65.1,590,5,1.28,60.8
115.1,205,3,0.86,96.2
170.3,100,3,0.55,166
75.1,70,7,0.65,65.8
194.1,755,3,0.77,160.3
180.3,370,5,0.67,164
180.2,385,7,0.69,164.3
175.4,680,3,0.66,161.9
20,165,9,1.13,19.3
185.3,540,7,0.77,160.4
65.1,625,5,1.29,60.5
60.1,795,9,1.32,58.9
115.2,455,9,0.88,96.5
175.3,225,9,0.7,163.4
70.1,75,5,0.73,62.1
50.1,215,7,1.28,47.7
150.3,375,9,0.88,119.1
125.2,80,7,0.57,101.1
155.2,485,9,0.74,121.3
170.3,555,5,0.68,160.8
15,145,5,1.13,14.7
135.2,390,5,0.79,121.4
185.2,410,9,0.79,160.2
115.2,20,3,0.15,114.7
20,555,5,1.12,19.3
192.5,210,7,0.83,158.1
85.2,25,7,0.22,84.6
70.1,360,3,1.13,61.4
110.3,500,3,0.89,95.3
50.1,250,9,1.29,47.2
10,555,3,1.1,9.9
175.3,110,9,0.64,127.5
25,260,7,1.16,24
80.2,190,5,0.95,69.7
199.9,235,3,0.72,159.1
190.2,90,3,0.49,136.5
20,490,9,1.14,19.2
180.3,650,9,0.69,162
190.6,460,3,0.76,161.4
65.1,740,5,1.31,60.7
199,665,5,0.75,159.1
150.5,350,3,0.9,120.7
50.1,610,7,1.29,47.4
140.2,230,9,0.78,120.6
175.3,710,9,0.68,163.2
100.2,90,5,0.67,83
175.7,215,5,0.66,163.2
189.4,555,5,0.75,157.6
65.1,10,7,0.12,64.9
25,470,7,1.16,24
20,420,9,1.14,19.3
189.6,40,5,0.33,186.2
45.1,540,7,1.23,43.6
180.1,660,7,0.69,164
25,505,7,1.15,24.1
40,115,3,1.2,39.8
75.1,220,5,1.07,69.9
55.1,350,7,1.3,52.7
105.2,700,3,0.81,97.4
85.1,620,7,0.96,79.3
90.2,135,5,0.92,80.5
65.1,150,9,1.3,60
25,390,9,1.16,24
95.1,30,9,0.25,79.9
164.5,440,9,0.68,157.8
45.1,260,3,1.27,43.1
30,395,9,1.18,29.7
139.8,280,9,0.82,120.9
198.8,360,3,0.75,159.3
180.3,635,7,0.71,164.4
55.1,635,3,1.26,54.1
95.2,640,3,0.84,81.2
65.1,340,5,1.29,60.4
155.3,85,3,0.57,121
70.1,295,5,1.14,61.5
60.1,295,3,1.3,58.8
25,320,9,1.16,24
30,460,3,1.18,29.9
95.1,485,5,0.82,80.5
45,165,9,1.27,42.9
85.2,85,5,0.76,75.4
25,455,3,1.16,24.1
195.4,555,3,0.77,157.5
198.5,325,9,0.84,158.2
130.2,15,9,0.14,103.2
155.3,230,7,0.74,120.7
90.1,475,7,0.9,80.3
35,215,3,1.21,34.2
70.1,145,5,1.19,61.3
120.1,210,9,0.83,97.8
155.3,765,3,0.74,121.2
180.3,60,3,0.38,133.5
95.1,440,5,0.85,80.5
140.2,80,9,0.56,110.2
190.4,715,7,0.75,160.3
125.2,485,3,0.8,119.8
185.3,15,9,0.88,131.2
150.4,10,7,0.14,148.4
50.1,655,5,1.28,47.5
15,100,7,1.1,14.7
80.1,45,7,0.4,69
130.2,95,3,0.65,105.7
120.2,65,7,0.47,97.5
145.2,200,7,0.79,123
165.3,185,7,0.69,123.3
180.1,55,3,0.34,131.1
95.1,95,7,0.79,81.8
80.1,360,9,0.91,69.3
169.5,755,3,0.68,162.9
40,250,7,1.2,37
169.1,660,7,0.69,162.5
40,455,9,1.24,39.5
65.1,615,7,1.29,60.6
35,425,5,1.2,34
164.9,290,5,0.7,160.6
125.4,565,3,0.78,121
55.1,340,7,1.3,52.5
10,300,3,1.11,9.8
190.4,735,5,0.79,158.4
40,685,9,1.22,39.7
130.2,495,9,0.86,119.1
35,325,5,1.2,34.1
195.3,125,9,0.68,187.8
135.2,600,5,0.84,120.5
90.1,620,7,0.91,79.8
110.2,695,5,0.88,93.7
105.2,630,3,0.81,98.9
175.3,140,9,0.72,162.8
100.1,30,3,0.24,83.6
185.6,390,3,0.72,160.3
165.3,340,5,0.66,161.9
20,570,9,1.14,19.2
169.9,705,5,0.65,160.5
125.2,55,3,0.37,99.9
185.3,55,7,0.33,134
155.5,470,3,0.75,122.5
75.1,525,7,1.05,69.4
40,305,5,1.2,39.5
110.2,110,9,0.77,89.4
135.2,220,9,0.83,121.6
175.3,50,3,0.28,172.2
45.1,690,3,1.23,43.3
175.3,425,7,0.7,158.2
75.1,120,7,1.07,66.6
50.1,125,3,1.27,47.3
15,400,5,1.08,14.7
55.1,790,9,1.31,52
80.2,295,3,0.93,68.9
199.7,55,7,0.42,142.1
40,230,5,1.21,39.7
185.3,710,9,0.77,159.8
135.2,775,9,0.83,121.7
40,705,9,1.22,39.4
10,570,7,1.09,9.8
60.1,230,7,1.34,57.8
95.1,300,9,0.84,79.4
55.1,750,3,1.3,52.4
30,660,7,1.17,29.9
115.2,185,7,0.87,95.9
110.2,685,5,0.89,95.5
125.2,340,9,0.85,118
198.4,175,7,0.83,160.1
70.2,200,3,1.14,61.5
185.4,260,5,0.76,158.6
155.3,795,9,0.86,121.7
45.1,450,7,1.26,43.3
164.7,445,5,0.67,161.1
95.2,570,3,0.84,81.3
15,270,3,1.14,14.6
80.1,655,3,0.95,69.8
30,775,7,1.18,29.7
180.2,175,7,0.68,164.5
60.1,90,7,0.93,53.6
165.3,400,9,0.69,156.3
100.1,70,3,0.54,83.8
35,670,5,1.2,34.1
160.3,270,7,0.69,155.1
70.1,580,9,1.14,61.3
95.1,40,7,0.31,94.3
160.3,60,3,0.41,122.7
75.1,290,9,1.04,69
70.1,615,9,1.14,61.3
75.1,250,9,1.05,68.8
55.1,360,5,1.31,52.1
20,245,7,1.13,19.3
95.1,280,5,0.85,80.6
90.1,335,5,0.89,80.3
85.1,480,9,0.96,79.1
95.1,125,9,0.94,93.3
155.5,15,5,0.79,117.9
125.2,560,7,0.79,121.4
30,415,5,1.16,29.9
80.1,775,7,0.94,69.8
10,720,5,1.1,9.9
55.1,120,3,1.29,52.4
90.1,415,9,0.93,80.1
70.1,645,3,1.12,61.5
70.1,715,3,1.13,61.4
105.2,170,9,0.94,93.7
50.1,465,3,1.25,48.2
125.2,570,9,0.81,120.1
150.3,325,5,0.79,120
190.2,790,5,0.77,161.6
135.2,20,9,0.14,134.2
170.2,505,5,0.68,162.3
35,165,9,1.21,34
145.3,15,9,0.14,112.7
45.1,790,3,1.25,43
90.2,95,5,0.79,78.5
95.2,220,3,0.84,81.7
10,200,7,1.09,9.9
145.3,345,5,0.84,120.9
25,570,3,1.16,24.1
85.1,295,9,0.89,81.1
75.1,385,7,1.08,69.8
110.2,275,9,0.92,92.2
10,685,5,1.07,9.9
155.3,125,3,0.68,150.7
25,165,3,1.15,24.1
85.1,415,9,0.96,79.9
155.5,655,3,0.77,122.4
155.3,550,9,0.86,121.6
110.3,585,3,0.89,96.9
60.1,330,3,1.31,58.7
197.4,365,9,0.98,155.7
175.4,475,3,0.66,163.6
30,510,7,1.17,29.8
25,330,7,1.16,24
135.2,615,7,0.81,121.3
125.2,475,5,0.8,121.4
105.2,730,7,0.8,95.7
175.3,310,9,0.69,161
125.3,765,5,0.87,117.9
150.3,75,5,0.49,115.9
180.3,250,5,0.64,163
175.1,755,3,0.66,160
95.2,30,7,0.27,80.2
10,290,5,1.09,9.9
35,695,7,1.19,34
164.8,745,9,0.69,161
180.3,455,9,0.7,163.9
100.2,470,3,0.82,95.8
145.3,705,3,0.86,121.2
125.2,35,5,0.28,100.5
185.4,660,9,0.77,160.2
110.2,785,9,0.91,95.5
180.3,285,9,0.71,159.2
75.1,35,5,0.36,65.9
185.4,295,5,0.73,160.3
125.2,130,7,0.82,119.9
25,560,5,1.15,24.1
185.3,475,7,0.77,156.4
195.2,55,3,0.32,138.6
55.1,375,9,1.33,52.2
140.1,730,9,0.81,121.3
75.1,100,9,0.87,74.2
75.1,300,7,1.05,69.3
125.2,365,7,0.79,120.5
105.3,240,3,0.81,96.5
165.3,755,7,0.67,159.6
145.4,345,3,0.87,119.5
190.4,220,7,0.76,159.6
135.2,90,7,0.56,105.2
75.2,245,3,1.05,69.1
183.1,765,5,0.82,156.9
10,115,3,1.08,9.9
180.3,670,5,0.66,164.2
95.1,460,9,0.84,80.7
105.1,725,7,0.79,98.7
15,310,9,1.13,14.7
35,30,5,0.51,32.9
115.3,205,7,0.91,96.8
70.1,695,7,1.15,61.3
95.1,675,3,0.83,80.1
160.1,580,5,0.73,123.3
199.5,765,9,0.87,155.3
75.1,285,3,1.07,69.4
20,55,3,1.13,19.3
55.1,740,5,1.3,52.7
60.1,310,7,1.32,58.2
120,130,9,0.82,97.2
100.1,335,7,0.8,96.7
85.1,770,7,0.97,79.8
95.1,715,7,0.85,80.8
40,575,5,1.22,39.5
45.1,610,5,1.23,43.6
40,700,3,1.2,37.1
60.1,320,5,1.29,58.6
25,715,9,1.17,24
185.5,685,3,0.76,156.3
95.2,250,7,0.85,80.4
20,195,3,1.14,20
170.3,515,9,0.69,160.8
55.1,615,7,1.33,51.7
30,290,9,1.17,29.9
10,280,7,1.1,9.9
30,685,9,1.17,29.8
100.1,365,9,0.85,94.7
55.1,510,5,1.29,52.7
100.2,585,9,0.81,97.7
60.1,645,5,1.34,57.6
45.1,635,9,1.25,43.1
115.2,245,5,0.86,96.7
130.2,780,3,0.84,119.7
160.2,375,9,0.77,120.3
30,440,7,1.17,29.8
85.1,45,9,0.38,72.6
40,95,3,1.21,39.6
195.7,485,3,0.73,158.7
185.4,700,7,0.75,159.8
135.2,420,7,0.8,121.3
170.4,360,3,0.68,160.6
160.3,435,9,0.73,120.4
185.3,180,7,0.77,158.9
135.2,550,5,0.82,122.1
110.2,70,7,0.51,90.6
175.3,255,7,0.66,163.3
184.4,105,3,0.61,136.1
195.1,390,7,0.78,157
100.2,410,9,0.81,97.5
55.1,215,7,1.32,52.4
35,730,9,1.21,34
35,685,9,1.21,34.1
10,245,5,1.09,9.9
85.2,220,3,0.95,79.9
35,740,7,1.2,34.1
10,440,3,1.11,9.9
75.1,495,9,1.05,69.1
160.3,575,9,0.69,120.7
95.1,325,7,0.84,80.4
190.4,515,7,0.71,161
174.9,35,7,0.26,129.4
130.3,105,5,0.74,106.5
115.2,90,5,0.62,94
160.3,45,5,0.29,121.6
10,740,3,1.09,9.9
120.2,490,7,0.82,96.4
120.1,405,7,0.82,96.8
194.1,245,5,0.75,156.9
110.2,530,5,0.88,96.8
185.3,500,7,0.78,158.7
55.1,710,9,1.32,52.4
170.3,30,5,0.24,126.2
115.2,170,9,0.88,93.2
165.2,410,7,0.71,160.1
170.2,800,9,0.7,161.9
175.4,30,7,0.23,129.7
45.1,25,5,0.34,44.9
155.2,275,9,0.85,121
125.2,280,9,0.86,116.8
190.4,250,5,0.72,160.9
55.1,20,7,0.24,54.9
105.1,200,7,0.86,97.4
170.2,750,7,0.71,160.1
185.3,280,9,0.75,159.6
110.2,635,5,0.85,96.8
100.1,55,3,0.41,83.3
125.2,750,9,0.86,118.1
60.1,485,7,1.31,58.5
175.3,125,9,0.68,169.3
168.9,565,7,0.68,160.6
200.8,175,5,0.8,155.6
155.3,640,7,0.79,120.9
140.3,670,9,0.81,121.9
70.1,545,9,1.13,61.2
35,645,3,1.21,34.1
90.2,690,3,0.91,81.1
25,285,9,1.15,23.9
45.1,745,3,1.22,43.7
189.8,375,9,0.78,160.8
85.2,600,3,0.94,79.9
30,45,7,0.85,28.5
150.5,640,3,0.84,121.8
65.1,185,9,1.3,60.6
165.6,485,3,0.63,123.8
125.4,230,3,0.81,118
168.3,735,5,0.71,162
90.1,700,3,0.9,80.5
140.2,725,7,0.77,121.4
25,75,7,1.15,24
65.1,410,7,1.28,60.8
185.3,520,5,0.72,160.8
60.1,435,3,1.29,53.2
125.3,170,5,0.81,121.5
130.4,205,5,0.81,120.4
165.3,420,5,0.67,160
80.1,535,7,0.93,69.1
20,720,7,1.13,19.3
50.1,375,3,1.27,47.8
65.1,20,5,0.22,64.7
10,130,7,1.08,9.9
100.3,365,3,0.79,97.5
185.4,735,5,0.77,156.4
20,675,9,1.14,19.3
165,370,7,0.66,160.8
100.1,515,5,0.83,95.4
65.1,350,3,1.29,60
20,150,5,1.12,19.3
15,690,5,1.1,14.7
145.2,25,9,0.17,143.7
25,655,7,1.16,23.9
100.1,590,7,0.81,95.3
115.2,100,9,0.66,113.3
10,710,7,1.1,9.9
198.6,680,9,0.79,156.5
80.2,440,3,0.93,69
186.6,780,5,0.82,160.2
165.6,225,3,0.64,161.5
145.2,480,3,0.71,123.6
10,595,9,1.09,9.9
145.2,280,7,0.88,120
155.3,565,7,0.74,120.7
65.1,605,9,1.31,60.7
130.2,275,5,0.83,120.6
165.5,350,3,0.7,162
55.1,530,3,1.25,53.9
100.1,250,9,0.84,94
25,535,3,1.16,24.1
90.1,300,7,0.91,79.6
30,540,3,1.18,29.9
85.1,65,9,0.57,73.4
85.2,170,5,0.95,79.6
180.1,530,7,0.65,164.4
45.1,580,5,1.25,43
135.2,160,3,0.82,120.9
85.1,450,7,0.96,80.1
140.2,710,9,0.83,120.2
160.1,770,5,0.84,122.3
45.1,35,3,0.49,41.9
155.2,450,7,0.78,121.3
125.4,785,5,0.84,120.5
55.1,755,9,1.26,53.6
40,780,5,1.26,39.3
170.6,770,5,0.73,161.9
10,665,9,1.09,9.9
120.1,375,9,0.87,97.2
110.2,715,3,0.89,95.8
30,310,5,1.16,28.3
145.4,615,3,0.75,122.6
65.1,195,9,1.29,60.6
60.1,10,5,0.12,60
80.1,570,5,0.92,69.6
90.1,775,3,0.9,80.5
125.2,760,7,0.82,119.3
95.1,790,9,0.85,80.6
195.3,40,3,0.22,192.2
150.3,665,5,0.81,119.8
70.1,215,9,1.13,61.2
125.2,585,5,0.81,120.1
165.6,260,3,0.66,158.2
198.9,670,7,0.78,159.5
125.2,205,9,0.85,118.6
45.1,120,5,1.26,43.2
130.2,725,7,0.82,119.5
60.1,495,5,1.31,58.2
70.1,235,9,1.14,61.3
180.3,145,7,0.68,164.4
80.2,385,3,0.93,69.2
189.2,380,7,0.79,159.7
30,760,3,1.16,28.3
85.1,430,3,0.96,79.7
180.3,395,9,0.69,164.1
105.1,760,7,0.82,98.3
30,285,3,1.17,28.3
40.1,600,3,1.2,37.2
85.1,135,3,0.94,79.3
185.4,160,7,0.72,156.3
70.1,330,5,1.13,61.5
160.4,555,3,0.69,121.7
50.1,390,9,1.32,46.3
80.2,145,5,0.96,69.7
55.1,685,7,1.31,52.4
115.2,125,7,0.83,112.6
120.2,730,3,0.82,96.5
194.4,405,7,0.77,156.2
185.3,665,9,0.77,158.8
95.1,230,3,0.86,80.8
70.1,530,5,1.13,61.3
155.2,180,3,0.84,122.3
10,370,3,1.1,9.9
25,40,7,0.87,25
95.1,255,7,0.85,81.1
65.1,385,3,1.28,60.6
55.1,90,9,1.01,49.5
110.3,460,3,0.9,95.4
115.2,315,5,0.87,95.8
50.1,500,3,1.25,48.1
100.1,740,3,0.81,98.3
65.1,160,7,1.29,60.8
20,705,3,1.13,19.4
75.1,450,7,1.05,69.7
145.2,235,7,0.85,120.1
50,340,3,1.27,48.7
190.4,65,9,0.44,139.2
190.3,305,7,0.74,161.3
169.5,240,3,0.69,162.4
185.3,90,9,0.51,135
70.1,245,7,1.13,61.5
145.2,680,5,0.74,122.6
70.1,785,9,1.15,61.4
135.2,670,5,0.82,121.7
35,140,7,1.2,34.1
145.2,330,5,0.73,123.1
80.1,795,7,0.95,69.1
85.1,15,5,0.17,72.9
105.2,555,5,0.78,95.6
90.2,645,3,0.9,81
90.2,560,3,0.91,81.7
80.1,340,5,0.93,69.4
150.2,270,5,0.91,121.5
60.1,710,3,1.27,53.1
155.3,175,7,0.76,121.4
125.3,295,3,0.8,121.4
120.2,135,5,0.83,98.5
50.1,170,3,1.27,47.7
90.1,655,5,0.91,79.8
100.2,285,5,0.8,96.8
115.2,435,7,0.85,95.6
20,80,5,1.14,20
185.4,220,9,0.78,158.1
45.1,705,7,1.24,43.4
60.1,530,7,1.28,58.9
95.1,590,7,0.84,81.2
169.5,610,3,0.66,161.3
155.3,655,9,0.81,122
155.2,650,7,0.78,121.6
175.3,765,9,0.74,160.1
195.4,360,5,0.78,156.3
180.2,405,7,0.67,163.7
164.6,540,9,0.71,155.3
155.4,315,3,0.74,120.4
75.1,25,3,0.23,74.8
40,105,5,1.27,39
60.1,240,5,1.33,57.9
40,615,3,1.22,39.7
120.2,650,3,0.84,98.1
45.1,560,5,1.23,43.6
30,405,7,1.17,29.8
130.2,695,9,0.83,118.8
145.2,510,7,0.88,120
110.2,460,7,0.9,95.3
195.3,700,5,0.76,159.2
100.2,115,5,0.92,87.3
70.1,160,9,1.14,61.4
150.3,205,5,0.81,119.4
145.2,440,5,0.77,122.9
35,765,9,1.22,33.9
85.1,750,7,0.96,78.9
120.1,680,5,0.84,98.1
165.3,570,5,0.65,123.5
20,265,5,1.13,19.4
135.4,650,3,0.8,120.2
145.4,495,3,0.73,123.2
130.2,460,7,0.83,119.5
10,545,5,1.08,9.9
135.3,170,5,0.82,121.3
15,655,5,1.09,14.7
35,545,7,1.21,34
50.1,365,5,1.28,47.4
35,270,5,1.21,34.1
115.3,540,3,0.88,96.8
130.4,680,3,0.84,119.7
35,395,9,1.21,33.9
30,175,9,1.18,29.9
194.6,325,7,0.78,159
145.2,455,5,0.74,122.4
194.9,190,5,0.74,159.2
50.1,60,5,0.78,46.8
199.8,355,5,0.78,158.8
85.2,130,5,0.95,80.2
200.2,605,9,0.86,156.6
85.1,255,9,0.95,80
110.2,60,3,0.47,92
124.9,120,5,0.82,102.6
120.2,165,7,0.83,96.9
190.4,340,5,0.75,161.1
165.3,520,5,0.64,123.9
170.3,695,3,0.68,161.2
90.2,330,3,0.91,80.8
185.1,390,7,0.74,159.5
130.2,155,7,0.82,120.8
175.7,340,3,0.7,162.9
130.2,30,7,0.24,103
115.2,580,9,0.92,95.7
15,230,9,1.1,14.7
35,445,5,1.19,34.1
130.2,790,7,0.84,118.9
60.1,665,5,1.3,58.5
100.2,70,5,0.56,83.7
60.1,610,5,1.34,57.6
10,675,7,1.09,9.8
170.6,425,3,0.65,161.1
15,415,9,1.12,14.7
80.1,300,3,0.94,69.4
50.1,95,7,1.16,47.1
85.1,55,7,0.47,72.5
190.4,315,7,0.76,160.9
45.1,800,5,1.24,43.3
25,120,5,1.17,23.8
180.2,55,7,0.34,132.5
60.1,145,3,1.3,58.5
200,330,7,0.78,158.8
140.4,370,3,0.82,120.9
180.1,475,9,0.69,164.3
20,485,3,1.14,19.4
10,780,9,1.09,9.9
155.3,145,3,0.73,120.7
100.2,445,3,0.8,96.8
125.2,165,3,0.81,121.5
35,370,5,1.19,34.1
120.1,615,5,0.84,97.1
55.1,85,3,0.96,52.1
60.1,415,7,1.32,58.6
105.2,70,7,0.53,86.8
190.3,740,9,0.81,160.2
80.1,245,3,0.95,69.6
125.3,510,3,0.81,120.8
155.5,130,5,0.77,122.4
45.1,130,5,1.28,43.2
70.1,230,3,1.14,61.5
110.2,135,3,0.87,94.6
45.1,695,9,1.26,43
194.4,575,5,0.79,157.1
95.1,215,9,0.85,80.4
25,575,9,1.15,24
140.2,340,7,0.77,121.3
30,670,5,1.16,28.5
60.1,680,9,1.29,53.6
199.7,495,3,0.76,159.9
200,690,9,0.81,158.3
160.3,700,7,0.72,120.9
200.2,80,7,0.49,145.2
40.1,260,3,1.21,37.2
35,615,9,1.21,34.1
139.6,490,3,0.75,121.7
20,590,5,1.12,19.4
110.2,380,7,0.9,94.1
165.3,630,9,0.65,123.1
25,315,3,1.16,24.1
135.2,470,9,0.83,121.7
40,25,3,0.36,39.9
80.1,755,7,0.94,69.5
10,235,7,1.08,9.9